,7 Days to Die,A Way Out,ARK: Survival Evolved,American Truck Simulator,Among Us,Animal Crossing: New Horizons,Anno 1800,Anthem,Apex Legends,Arma 3,Art,Assassin's Creed Valhalla,Assassin's Creed: Odyssey,Assassin's Creed: Origins,Atlas,Auto Chess,Battalion 1944,Battleborn,Battlefield 1,Battlefield 4,Battlefield Hardline,Battlefield V,Battlerite,Black Desert Online,Blade & Soul,Bloodborne,Bloodstained: Ritual of the Night,Borderlands 2,Borderlands 3,Call Of Duty: Modern Warfare,Call of Duty: Black Ops 4,Call of Duty: Black Ops Cold War,Call of Duty: Black Ops II,Call of Duty: Black Ops III,Call of Duty: Infinite Warfare,Call of Duty: Mobile,Call of Duty: Modern Warfare Remastered,Call of Duty: WWII,Call of Duty: Warzone,Code Vein,Conan Exiles,Counter-Strike: Global Offensive,Creative,Cuphead,Cyberpunk 2077,DOOM,DOOM Eternal,DRAGON BALL Z: KAKAROT,Dark Souls,Dark Souls II: Scholar of the First Sin,Dark Souls III,Darkest Dungeon,Darwin Project,Dauntless,DayZ,Days Gone,Dead Cells,Dead by Daylight,Death Stranding,Demon's Souls,Destiny,Destiny 2,Devil May Cry 5,Diablo III,Dishonored 2,Divinity: Original Sin II,Dota 2,Dota Underlords,Dragon Ball FighterZ,Dragon Quest IV,Dragon's Dogma: Dark Arisen,Dying Light,EA Sports UFC 2,Enter the Gungeon,Escape from Tarkov,Eternal Return: Black Survival,Euro Truck Simulator 2,Evolve,FIFA 16,FIFA 17,FIFA 18,FIFA 19,FIFA 20,FIFA 21,FINAL FANTASY XIV Online,Fall Guys: Ultimate Knockout,Fallout 4,Fallout 76,Far Cry 5,Far Cry: Primal,Farming Simulator 17,Farming Simulator 19,Final Fantasy VII Remake,Final Fantasy X/X-2 HD Remaster,Final Fantasy XIV: Heavensward,Final Fantasy XV,Fire Emblem: Three Houses,For Honor,Fortnite,Forza Horizon 3,Forza Horizon 4,Friday the 13th: The Game,Garena Free Fire,Garry's Mod,Gears 5,Gears of War 4,Genshin Impact,Ghost of Tsushima,God of War,Grand Theft Auto V,Grounded,Guild Wars 2,Hades,Halo 5: Guardians,Halo: The Master Chief Collection,Hearthstone,Heroes of the Storm,Horizon Zero Dawn,Hunt: Showdown,Hyper Scape,IRL,Infestation: The New Z,Injustice 2,Islands of Nyne: Battle Royale,Jurassic World Evolution,Just Cause 3,Just Chatting,Killing Floor 2,Kingdom Come: Deliverance,Kingdom Hearts HD 1.5 + 2.5 ReMIX,Kingdom Hearts III,LOST ARK,Last Oasis,League of Legends,Legends of Runeterra,Let It Die,Little Nightmares II,MORDHAU,Madden NFL 16,Madden NFL 17,Madden NFL 18,Madden NFL 19,Madden NFL 20,Madden NFL 21,Mafia III,Magic: The Gathering,MapleStory 2,Marvel's Avengers,Marvel's Spider-Man,Marvel's Spider-Man: Miles Morales,Mass Effect: Andromeda,Metal Gear Solid V: The Phantom Pain,Metro Exodus,Middle-earth: Shadow of War,Minecraft,Minecraft Dungeons,Monster Hunter Rise,Monster Hunter World: Iceborne,Monster Hunter: World,Mortal Kombat 11,Mortal Kombat X,Mount & Blade II: Bannerlord,Music,NBA 2K16,NBA 2K17,NBA 2K18,NBA 2K19,NBA 2K20,NBA 2K21,Naruto Shippuden: Ultimate Ninja Storm 4,Need for Speed: Heat,Neverwinter,New World,NieR: Automata,Nioh,Nioh 2,No Man's Sky,Old School RuneScape,Ori and the Will of the Wisps,Outlast,Outlast 2,Overwatch,PAYDAY 2,PLAYERUNKNOWN'S BATTLEGROUNDS,PUBG Mobile,Paladins,Paragon,Path of Exile,Persona 5,Persona 5 Royal,Phasmophobia,Planet Coaster,Planet Zoo,Poker,Pokémon GO,Pokémon Sun/Moon,Pokémon Sword/Shield,"Pokémon: Let's Go, Pikachu!",Prey,Radical Heights,Realm Royale,Red Dead Redemption 2,Remnant: From the Ashes,Resident Evil 2,Resident Evil 3,Resident Evil 4,Resident Evil 7 biohazard,Retro,Ring Of Elysium,Risk of Rain 2,Roblox,Rocket League,Rogue Company,RuneScape,Rust,SCUM,SMITE,Satisfactory,Science & Technology,Sea of Thieves,Sekiro: Shadows Die Twice,Shadow of the Tomb Raider,Sid Meier's Civilization VI,Slay the Spire,Slots,SnowRunner,South Park: The Fractured But Whole,Spellbreak,Spyro Reignited Trilogy,Star Wars Battlefront,Star Wars Battlefront II,Star Wars Jedi: Fallen Order,StarCraft II,Stardew Valley,State of Decay 2,Stellaris,Street Fighter V,Subnautica,Super Mario Maker 2,Super Mario Odyssey,Super Smash Bros. Ultimate,TERA,Talk Shows & Podcasts,Teamfight Tactics,Tekken 7,Temtem,Terraria,The Culling,The Elder Scrolls Online,The Elder Scrolls V: Skyrim,The Evil Within 2,The Forest,The Last of Us,The Last of Us Part II,The Legend of Zelda: Breath of the Wild,The Legend of Zelda: Link's Awakening,The Outer Worlds,The Witcher 3: Wild Hunt,They Are Billions,Tibia,Titanfall 2,Tom Clancy's Ghost Recon: Breakpoint,Tom Clancy's Ghost Recon: Wildlands,Tom Clancy's Rainbow Six Siege,Tom Clancy's The Division,Tom Clancy's The Division 2,Uncharted 4: A Thief's End,Undertale,VALORANT,VRChat,Valheim,Vampyr,WWE 2K16,Warframe,Warhammer: Vermintide 2,Wolcen: Lords of Mayhem,World War Z,World of Tanks,World of Warcraft,World of Warships,XCOM 2,Xenoblade Chronicles 2,Z1: Battle Royale,osu!,,date
2016-01-01,16.0,0.0,125.0,0.0,0.0,0.0,0.0,0.0,0.0,116.0,0.0,0.0,0.0,0.0,0.0,0.0,0.0,0.0,0.0,129.0,30.0,0.0,0.0,0.0,248.0,0.0,0.0,29.0,0.0,0.0,0.0,0.0,0.0,1549.0,0.0,0.0,0.0,0.0,0.0,0.0,0.0,1117.0,161.0,0.0,0.0,3.0,0.0,0.0,40.0,78.0,0.0,44.0,0.0,0.0,96.0,0.0,0.0,0.0,0.0,2.0,742.0,0.0,0.0,294.0,0.0,0.0,583.0,0.0,0.0,0.0,46.0,61.0,0.0,0.0,0.0,0.0,0.0,0.0,274.0,0.0,0.0,0.0,0.0,0.0,0.0,0.0,362.0,0.0,0.0,0.0,0.0,0.0,0.0,0.0,45.0,0.0,0.0,0.0,0.0,0.0,0.0,0.0,0.0,47.0,0.0,0.0,0.0,0.0,0.0,548.0,0.0,35.0,0.0,111.0,15.0,317.0,138.0,0.0,0.0,0.0,0.0,0.0,0.0,0.0,0.0,51.0,0.0,8.0,0.0,0.0,0.0,0.0,0.0,1833.0,0.0,0.0,0.0,0.0,253.0,0.0,0.0,0.0,0.0,0.0,0.0,18.0,0.0,0.0,0.0,0.0,0.0,67.0,0.0,0.0,659.0,0.0,0.0,0.0,0.0,0.0,0.0,0.0,42.0,263.0,0.0,0.0,0.0,0.0,0.0,0.0,0.0,10.0,0.0,0.0,0.0,0.0,0.0,0.0,0.0,22.0,0.0,0.0,32.0,0.0,0.0,9.0,0.0,84.0,0.0,0.0,0.0,0.0,0.0,49.0,0.0,0.0,0.0,0.0,0.0,0.0,0.0,0.0,0.0,1.0,0.0,5.0,0.0,11.0,0.0,0.0,0.0,203.0,0.0,100.0,64.0,0.0,153.0,0.0,0.0,0.0,0.0,0.0,0.0,0.0,0.0,0.0,0.0,0.0,0.0,120.0,0.0,0.0,99.0,0.0,0.0,0.0,7.0,0.0,0.0,0.0,0.0,24.0,71.0,0.0,0.0,0.0,38.0,0.0,75.0,43.0,0.0,14.0,50.0,0.0,0.0,0.0,0.0,74.0,0.0,21.0,0.0,0.0,0.0,325.0,83.0,0.0,0.0,0.0,0.0,0.0,0.0,0.0,0.0,114.0,0.0,0.0,0.0,172.0,461.0,39.0,0.0,0.0,276.0,0.0,0.0,2016-01-01
2016-02-01,12.0,0.0,110.0,89.0,0.0,0.0,0.0,0.0,0.0,123.0,0.0,0.0,0.0,0.0,0.0,0.0,0.0,0.0,0.0,134.0,30.0,0.0,0.0,62.0,181.0,111.0,0.0,28.0,0.0,0.0,0.0,0.0,40.0,2003.0,0.0,0.0,0.0,0.0,0.0,0.0,0.0,1086.0,192.0,0.0,0.0,3.0,0.0,0.0,51.0,91.0,0.0,47.0,0.0,0.0,91.0,0.0,0.0,0.0,0.0,2.0,767.0,0.0,0.0,168.0,0.0,0.0,553.0,0.0,0.0,0.0,17.0,156.0,0.0,0.0,0.0,0.0,33.0,12.0,241.0,0.0,0.0,0.0,0.0,0.0,6.0,0.0,215.0,0.0,0.0,21.0,0.0,0.0,0.0,13.0,53.0,0.0,0.0,0.0,0.0,0.0,0.0,0.0,0.0,50.0,0.0,0.0,0.0,0.0,0.0,493.0,0.0,31.0,0.0,111.0,16.0,288.0,141.0,0.0,0.0,0.0,0.0,1.0,0.0,0.0,0.0,26.0,0.0,5.0,0.0,0.0,0.0,0.0,0.0,1822.0,0.0,0.0,0.0,0.0,246.0,0.0,0.0,0.0,0.0,0.0,0.0,21.0,0.0,0.0,0.0,0.0,0.0,51.0,0.0,0.0,633.0,0.0,0.0,0.0,0.0,0.0,0.0,0.0,42.0,274.0,0.0,0.0,0.0,0.0,0.0,55.0,0.0,13.0,0.0,0.0,0.0,0.0,0.0,0.0,0.0,21.0,0.0,97.0,28.0,0.0,0.0,9.0,0.0,52.0,0.0,0.0,0.0,0.0,0.0,53.0,0.0,0.0,0.0,0.0,0.0,0.0,0.0,0.0,0.0,2.0,0.0,4.0,0.0,15.0,0.0,0.0,25.0,266.0,0.0,103.0,75.0,0.0,163.0,0.0,0.0,0.0,0.0,0.0,0.0,0.0,0.0,0.0,0.0,0.0,0.0,90.0,0.0,0.0,86.0,15.0,0.0,0.0,98.0,7.0,0.0,0.0,0.0,20.0,77.0,0.0,0.0,0.0,32.0,8.0,65.0,39.0,0.0,15.0,46.0,0.0,0.0,0.0,0.0,63.0,0.0,21.0,0.0,0.0,0.0,315.0,128.0,0.0,0.0,36.0,0.0,0.0,0.0,0.0,37.0,120.0,0.0,0.0,0.0,185.0,416.0,38.0,145.0,0.0,274.0,92.0,0.0,2016-02-01
2016-03-01,11.0,0.0,97.0,28.0,0.0,0.0,0.0,0.0,0.0,111.0,0.0,0.0,0.0,0.0,0.0,0.0,0.0,1.0,0.0,123.0,29.0,0.0,0.0,177.0,97.0,101.0,0.0,26.0,0.0,0.0,0.0,0.0,37.0,1666.0,0.0,0.0,0.0,0.0,0.0,0.0,0.0,999.0,198.0,0.0,0.0,4.0,0.0,0.0,70.0,103.0,62.0,16.0,0.0,0.0,73.0,0.0,0.0,0.0,0.0,4.0,606.0,0.0,0.0,77.0,0.0,0.0,488.0,0.0,0.0,0.0,3.0,57.0,58.0,0.0,0.0,0.0,29.0,9.0,220.0,0.0,0.0,0.0,0.0,0.0,5.0,0.0,202.0,0.0,0.0,57.0,0.0,0.0,0.0,11.0,58.0,0.0,0.0,0.0,0.0,0.0,0.0,0.0,0.0,40.0,0.0,0.0,0.0,0.0,0.0,449.0,0.0,27.0,0.0,107.0,16.0,280.0,140.0,0.0,0.0,0.0,0.0,0.0,0.0,0.0,0.0,19.0,0.0,4.0,0.0,0.0,0.0,0.0,0.0,1701.0,0.0,0.0,0.0,0.0,202.0,0.0,0.0,0.0,0.0,0.0,0.0,19.0,0.0,0.0,0.0,0.0,0.0,42.0,0.0,0.0,603.0,0.0,0.0,0.0,0.0,0.0,57.0,0.0,44.0,290.0,0.0,0.0,0.0,0.0,0.0,15.0,0.0,13.0,0.0,0.0,0.0,0.0,0.0,0.0,0.0,22.0,0.0,78.0,28.0,0.0,0.0,9.0,77.0,128.0,0.0,0.0,0.0,2.0,0.0,56.0,0.0,0.0,0.0,0.0,0.0,0.0,0.0,0.0,0.0,1.0,0.0,5.0,0.0,14.0,0.0,0.0,24.0,254.0,0.0,101.0,65.0,0.0,207.0,0.0,0.0,0.0,0.0,0.0,0.0,0.0,0.0,0.0,0.0,0.0,0.0,70.0,0.0,0.0,78.0,185.0,0.0,0.0,82.0,8.0,0.0,0.0,0.0,21.0,78.0,0.0,0.0,0.0,28.0,104.0,55.0,35.0,0.0,12.0,41.0,0.0,0.0,0.0,0.0,49.0,0.0,18.0,0.0,0.0,0.0,205.0,1357.0,0.0,3.0,24.0,0.0,0.0,0.0,0.0,36.0,100.0,0.0,0.0,0.0,170.0,397.0,32.0,24.0,0.0,207.0,88.0,0.0,2016-03-01
2016-04-01,21.0,0.0,93.0,16.0,0.0,0.0,0.0,0.0,0.0,118.0,0.0,0.0,0.0,0.0,0.0,0.0,0.0,28.0,0.0,123.0,23.0,0.0,0.0,95.0,66.0,86.0,0.0,25.0,0.0,0.0,0.0,0.0,38.0,1653.0,0.0,0.0,0.0,0.0,0.0,0.0,0.0,1003.0,206.0,0.0,0.0,27.0,0.0,0.0,77.0,69.0,1042.0,8.0,0.0,0.0,75.0,0.0,0.0,0.0,0.0,2.0,791.0,0.0,0.0,94.0,0.0,0.0,444.0,0.0,0.0,0.0,3.0,37.0,61.0,67.0,0.0,0.0,29.0,8.0,225.0,0.0,0.0,0.0,0.0,0.0,5.0,0.0,182.0,0.0,0.0,30.0,0.0,0.0,0.0,15.0,55.0,1.0,0.0,0.0,0.0,0.0,0.0,0.0,0.0,41.0,0.0,16.0,0.0,0.0,0.0,436.0,0.0,31.0,0.0,106.0,17.0,319.0,154.0,0.0,0.0,0.0,0.0,0.0,0.0,0.0,0.0,13.0,0.0,8.0,0.0,0.0,0.0,0.0,0.0,1692.0,0.0,0.0,0.0,0.0,163.0,0.0,0.0,0.0,0.0,0.0,0.0,20.0,0.0,0.0,0.0,0.0,0.0,36.0,0.0,0.0,578.0,0.0,0.0,0.0,0.0,0.0,38.0,0.0,41.0,295.0,0.0,0.0,0.0,0.0,0.0,10.0,0.0,11.0,0.0,0.0,0.0,0.0,0.0,0.0,0.0,20.0,0.0,96.0,28.0,0.0,0.0,11.0,98.0,81.0,0.0,0.0,0.0,4.0,0.0,53.0,0.0,0.0,0.0,0.0,0.0,0.0,0.0,0.0,0.0,2.0,0.0,4.0,0.0,14.0,0.0,0.0,32.0,239.0,0.0,104.0,69.0,0.0,241.0,0.0,0.0,0.0,0.0,0.0,0.0,0.0,0.0,0.0,0.0,0.0,0.0,62.0,0.0,0.0,75.0,64.0,0.0,0.0,61.0,9.0,0.0,0.0,0.0,17.0,76.0,0.0,0.0,0.0,27.0,59.0,61.0,36.0,0.0,13.0,41.0,0.0,0.0,0.0,0.0,51.0,0.0,17.0,0.0,0.0,0.0,199.0,753.0,0.0,0.0,21.0,0.0,0.0,0.0,0.0,38.0,97.0,0.0,0.0,0.0,169.0,394.0,37.0,9.0,0.0,168.0,89.0,0.0,2016-04-01
2016-05-01,15.0,0.0,106.0,14.0,0.0,0.0,0.0,0.0,0.0,124.0,0.0,0.0,0.0,0.0,0.0,0.0,0.0,100.0,0.0,174.0,34.0,0.0,0.0,55.0,54.0,51.0,0.0,22.0,0.0,0.0,0.0,0.0,36.0,1382.0,0.0,0.0,0.0,0.0,0.0,0.0,0.0,893.0,206.0,0.0,0.0,257.0,0.0,0.0,45.0,26.0,529.0,8.0,0.0,0.0,86.0,0.0,0.0,0.0,0.0,1.0,683.0,0.0,0.0,186.0,0.0,0.0,417.0,0.0,0.0,0.0,2.0,32.0,35.0,25.0,0.0,0.0,35.0,5.0,229.0,0.0,0.0,0.0,0.0,0.0,6.0,0.0,239.0,0.0,0.0,19.0,0.0,0.0,0.0,51.0,48.0,0.0,0.0,0.0,0.0,0.0,0.0,0.0,0.0,36.0,0.0,1.0,0.0,0.0,0.0,402.0,0.0,30.0,0.0,97.0,18.0,312.0,111.0,0.0,0.0,0.0,0.0,0.0,0.0,0.0,0.0,11.0,0.0,4.0,0.0,0.0,0.0,0.0,0.0,1609.0,0.0,0.0,0.0,0.0,147.0,0.0,0.0,0.0,0.0,0.0,0.0,19.0,0.0,0.0,0.0,0.0,0.0,34.0,0.0,0.0,547.0,0.0,0.0,0.0,0.0,0.0,32.0,0.0,38.0,256.0,0.0,0.0,0.0,0.0,0.0,9.0,0.0,11.0,0.0,0.0,0.0,0.0,0.0,1.0,0.0,26.0,0.0,1123.0,26.0,0.0,0.0,7.0,74.0,52.0,0.0,0.0,0.0,2.0,0.0,50.0,0.0,0.0,0.0,0.0,0.0,0.0,0.0,0.0,0.0,1.0,0.0,4.0,0.0,17.0,0.0,0.0,36.0,182.0,0.0,111.0,70.0,0.0,205.0,0.0,0.0,0.0,0.0,0.0,0.0,0.0,0.0,0.0,0.0,0.0,0.0,52.0,0.0,0.0,70.0,29.0,0.0,47.0,43.0,17.0,0.0,0.0,0.0,24.0,63.0,0.0,0.0,0.0,30.0,34.0,58.0,34.0,0.0,14.0,37.0,0.0,0.0,0.0,0.0,91.0,0.0,19.0,0.0,0.0,0.0,250.0,393.0,0.0,189.0,16.0,0.0,0.0,0.0,0.0,31.0,92.0,0.0,0.0,0.0,162.0,373.0,37.0,10.0,0.0,150.0,88.0,0.0,2016-05-01
2016-06-01,49.0,0.0,108.0,13.0,0.0,0.0,0.0,0.0,0.0,122.0,0.0,0.0,0.0,0.0,0.0,0.0,0.0,26.0,0.0,186.0,44.0,0.0,0.0,39.0,47.0,43.0,0.0,26.0,0.0,0.0,0.0,0.0,40.0,1211.0,0.0,0.0,0.0,0.0,0.0,0.0,0.0,802.0,205.0,0.0,0.0,77.0,0.0,0.0,33.0,22.0,208.0,9.0,0.0,0.0,106.0,0.0,0.0,164.0,0.0,1.0,686.0,0.0,0.0,70.0,0.0,0.0,379.0,0.0,0.0,0.0,3.0,31.0,26.0,11.0,0.0,0.0,32.0,4.0,196.0,0.0,0.0,0.0,0.0,0.0,4.0,0.0,221.0,0.0,0.0,14.0,0.0,0.0,0.0,30.0,57.0,0.0,0.0,0.0,0.0,0.0,0.0,0.0,0.0,37.0,0.0,0.0,0.0,0.0,0.0,596.0,0.0,27.0,0.0,90.0,18.0,257.0,100.0,0.0,0.0,0.0,0.0,0.0,0.0,0.0,0.0,14.0,0.0,7.0,0.0,0.0,0.0,0.0,0.0,1442.0,0.0,0.0,0.0,0.0,124.0,0.0,0.0,0.0,0.0,0.0,0.0,18.0,0.0,0.0,0.0,0.0,0.0,33.0,0.0,0.0,613.0,0.0,0.0,0.0,0.0,0.0,29.0,0.0,35.0,387.0,0.0,0.0,0.0,0.0,0.0,16.0,0.0,11.0,0.0,0.0,0.0,0.0,0.0,1.0,0.0,27.0,0.0,1588.0,33.0,0.0,0.0,6.0,63.0,93.0,0.0,0.0,0.0,2.0,0.0,41.0,0.0,0.0,0.0,0.0,0.0,0.0,0.0,0.0,0.0,1.0,0.0,5.0,1.0,20.0,0.0,0.0,51.0,169.0,0.0,108.0,63.0,0.0,187.0,0.0,0.0,0.0,0.0,0.0,0.0,0.0,0.0,0.0,0.0,0.0,0.0,48.0,0.0,0.0,63.0,20.0,0.0,10.0,33.0,18.0,0.0,0.0,0.0,21.0,69.0,0.0,0.0,0.0,40.0,15.0,71.0,42.0,0.0,18.0,38.0,0.0,0.0,0.0,0.0,167.0,0.0,18.0,0.0,0.0,0.0,260.0,287.0,0.0,100.0,16.0,0.0,0.0,0.0,0.0,31.0,94.0,0.0,0.0,0.0,155.0,397.0,33.0,8.0,0.0,133.0,88.0,0.0,2016-06-01
2016-07-01,256.0,0.0,87.0,12.0,0.0,0.0,0.0,0.0,0.0,125.0,0.0,0.0,0.0,0.0,0.0,0.0,0.0,15.0,10.0,160.0,31.0,0.0,0.0,40.0,39.0,40.0,0.0,33.0,0.0,0.0,0.0,0.0,42.0,1342.0,0.0,0.0,0.0,0.0,0.0,0.0,0.0,802.0,202.0,0.0,0.0,44.0,0.0,0.0,25.0,20.0,139.0,9.0,0.0,0.0,85.0,0.0,0.0,183.0,0.0,1.0,733.0,0.0,0.0,43.0,0.0,0.0,373.0,0.0,0.0,0.0,3.0,32.0,26.0,8.0,0.0,0.0,38.0,78.0,182.0,0.0,0.0,0.0,0.0,0.0,2.0,0.0,163.0,0.0,0.0,13.0,0.0,0.0,0.0,18.0,52.0,0.0,0.0,0.0,0.0,0.0,0.0,0.0,0.0,40.0,0.0,0.0,0.0,0.0,0.0,598.0,0.0,26.0,0.0,104.0,19.0,221.0,90.0,0.0,0.0,0.0,0.0,0.0,0.0,0.0,0.0,11.0,0.0,4.0,0.0,0.0,0.0,0.0,0.0,1351.0,0.0,0.0,0.0,0.0,105.0,0.0,0.0,0.0,0.0,0.0,0.0,17.0,0.0,0.0,0.0,0.0,0.0,35.0,0.0,0.0,598.0,0.0,0.0,0.0,0.0,0.0,28.0,0.0,36.0,411.0,0.0,0.0,0.0,0.0,0.0,16.0,0.0,76.0,0.0,0.0,0.0,0.0,0.0,1.0,0.0,24.0,0.0,1095.0,36.0,0.0,0.0,7.0,97.0,57.0,0.0,0.0,0.0,1.0,0.0,41.0,68.0,0.0,0.0,0.0,0.0,0.0,0.0,0.0,0.0,1.0,0.0,5.0,0.0,21.0,0.0,0.0,60.0,148.0,0.0,98.0,80.0,0.0,167.0,0.0,0.0,0.0,0.0,0.0,0.0,0.0,0.0,0.0,0.0,0.0,0.0,49.0,0.0,0.0,63.0,19.0,0.0,5.0,52.0,19.0,0.0,0.0,0.0,17.0,71.0,0.0,0.0,0.0,40.0,13.0,62.0,45.0,0.0,18.0,42.0,0.0,0.0,0.0,0.0,78.0,0.0,19.0,0.0,0.0,0.0,293.0,213.0,0.0,64.0,17.0,0.0,0.0,0.0,0.0,32.0,97.0,0.0,0.0,0.0,144.0,410.0,32.0,11.0,0.0,124.0,86.0,0.0,2016-07-01
2016-08-01,139.0,0.0,79.0,10.0,0.0,0.0,0.0,0.0,0.0,125.0,0.0,0.0,0.0,0.0,0.0,0.0,0.0,11.0,44.0,161.0,30.0,0.0,0.0,39.0,35.0,42.0,0.0,27.0,0.0,0.0,0.0,0.0,39.0,1206.0,0.0,0.0,0.0,0.0,0.0,0.0,0.0,864.0,221.0,0.0,0.0,34.0,0.0,0.0,25.0,18.0,113.0,6.0,0.0,0.0,61.0,0.0,0.0,198.0,0.0,1.0,797.0,0.0,0.0,136.0,0.0,0.0,389.0,0.0,0.0,0.0,3.0,26.0,24.0,6.0,0.0,0.0,39.0,28.0,162.0,0.0,0.0,0.0,0.0,0.0,3.0,0.0,167.0,0.0,0.0,11.0,0.0,0.0,0.0,16.0,49.0,0.0,0.0,0.0,0.0,0.0,0.0,0.0,0.0,45.0,0.0,0.0,0.0,0.0,0.0,485.0,0.0,27.0,0.0,87.0,19.0,232.0,90.0,0.0,0.0,0.0,0.0,0.0,0.0,0.0,0.0,11.0,0.0,6.0,0.0,0.0,0.0,0.0,0.0,1476.0,0.0,0.0,0.0,0.0,68.0,130.0,0.0,0.0,0.0,0.0,0.0,17.0,0.0,0.0,0.0,0.0,0.0,36.0,0.0,0.0,541.0,0.0,0.0,0.0,0.0,0.0,27.0,0.0,34.0,355.0,0.0,0.0,0.0,0.0,0.0,13.0,0.0,78.0,0.0,0.0,0.0,0.0,552.0,1.0,0.0,20.0,0.0,912.0,30.0,0.0,0.0,7.0,120.0,38.0,0.0,0.0,0.0,2.0,0.0,41.0,40.0,0.0,0.0,0.0,0.0,0.0,0.0,0.0,0.0,1.0,0.0,14.0,0.0,24.0,0.0,0.0,56.0,154.0,0.0,94.0,80.0,0.0,170.0,0.0,0.0,0.0,0.0,0.0,0.0,0.0,0.0,0.0,0.0,0.0,0.0,38.0,0.0,0.0,64.0,14.0,0.0,3.0,39.0,10.0,0.0,0.0,0.0,16.0,81.0,0.0,0.0,0.0,30.0,8.0,56.0,56.0,0.0,14.0,39.0,0.0,0.0,0.0,0.0,59.0,0.0,18.0,20.0,0.0,0.0,430.0,147.0,0.0,47.0,13.0,0.0,0.0,0.0,0.0,50.0,92.0,0.0,0.0,0.0,144.0,644.0,37.0,8.0,0.0,161.0,92.0,0.0,2016-08-01
2016-09-01,92.0,0.0,113.0,8.0,0.0,0.0,0.0,0.0,0.0,111.0,0.0,0.0,0.0,0.0,0.0,0.0,0.0,7.0,110.0,114.0,16.0,0.0,42.0,38.0,37.0,37.0,0.0,24.0,0.0,0.0,0.0,0.0,30.0,1034.0,0.0,0.0,0.0,0.0,0.0,0.0,0.0,763.0,221.0,0.0,0.0,22.0,0.0,0.0,23.0,19.0,112.0,7.0,0.0,0.0,56.0,0.0,0.0,155.0,0.0,1.0,1089.0,0.0,0.0,48.0,0.0,2.0,413.0,0.0,0.0,0.0,3.0,20.0,17.0,6.0,0.0,0.0,37.0,13.0,93.0,79.0,0.0,0.0,0.0,0.0,4.0,0.0,159.0,0.0,0.0,8.0,0.0,0.0,0.0,14.0,57.0,0.0,0.0,30.0,0.0,52.0,0.0,0.0,0.0,26.0,0.0,0.0,0.0,0.0,0.0,307.0,0.0,29.0,0.0,77.0,16.0,230.0,90.0,0.0,0.0,0.0,0.0,0.0,0.0,0.0,0.0,7.0,0.0,7.0,0.0,0.0,0.0,0.0,0.0,1512.0,0.0,0.0,0.0,0.0,8.0,259.0,0.0,0.0,0.0,0.0,0.0,15.0,0.0,0.0,0.0,0.0,0.0,29.0,0.0,0.0,389.0,0.0,0.0,0.0,0.0,0.0,22.0,0.0,28.0,131.0,215.0,0.0,0.0,0.0,0.0,12.0,0.0,39.0,0.0,0.0,0.0,0.0,34.0,0.0,0.0,14.0,0.0,867.0,30.0,1.0,0.0,39.0,109.0,109.0,7.0,0.0,0.0,2.0,0.0,49.0,6.0,0.0,0.0,0.0,0.0,0.0,0.0,0.0,0.0,1.0,0.0,53.0,1.0,27.0,0.0,0.0,35.0,161.0,0.0,92.0,70.0,0.0,150.0,0.0,0.0,0.0,0.0,0.0,0.0,0.0,0.0,0.0,0.0,0.0,0.0,37.0,0.0,0.0,60.0,11.0,0.0,2.0,35.0,8.0,0.0,0.0,0.0,15.0,75.0,0.0,0.0,0.0,21.0,6.0,48.0,40.0,0.0,11.0,34.0,0.0,0.0,0.0,0.0,58.0,0.0,21.0,0.0,0.0,0.0,316.0,93.0,0.0,37.0,11.0,0.0,0.0,0.0,0.0,29.0,68.0,0.0,0.0,0.0,148.0,1000.0,40.0,11.0,0.0,202.0,83.0,0.0,2016-09-01
2016-10-01,92.0,0.0,80.0,8.0,0.0,0.0,0.0,0.0,0.0,117.0,0.0,0.0,0.0,0.0,0.0,0.0,0.0,5.0,380.0,89.0,12.0,0.0,70.0,41.0,36.0,37.0,0.0,24.0,0.0,0.0,0.0,0.0,24.0,705.0,63.0,0.0,0.0,0.0,0.0,0.0,0.0,776.0,238.0,0.0,0.0,22.0,0.0,0.0,29.0,17.0,172.0,13.0,0.0,0.0,55.0,0.0,0.0,142.0,0.0,1.0,1106.0,0.0,0.0,66.0,0.0,0.0,411.0,0.0,0.0,0.0,2.0,21.0,10.0,5.0,0.0,0.0,42.0,8.0,13.0,287.0,0.0,0.0,0.0,0.0,5.0,0.0,106.0,0.0,0.0,7.0,50.0,0.0,0.0,11.0,81.0,0.0,0.0,0.0,0.0,68.0,0.0,0.0,0.0,28.0,0.0,212.0,0.0,0.0,0.0,386.0,0.0,27.0,0.0,67.0,16.0,226.0,105.0,0.0,0.0,0.0,0.0,0.0,0.0,0.0,0.0,5.0,0.0,5.0,0.0,0.0,0.0,0.0,0.0,1555.0,0.0,0.0,0.0,0.0,6.0,224.0,0.0,0.0,0.0,0.0,181.0,17.0,0.0,0.0,0.0,0.0,0.0,20.0,0.0,0.0,387.0,0.0,0.0,0.0,0.0,0.0,21.0,0.0,28.0,42.0,243.0,0.0,0.0,0.0,0.0,10.0,0.0,27.0,0.0,0.0,0.0,0.0,9.0,0.0,0.0,28.0,6.0,834.0,33.0,0.0,0.0,82.0,222.0,77.0,4.0,0.0,0.0,3.0,0.0,46.0,2.0,1.0,0.0,0.0,0.0,0.0,0.0,0.0,0.0,2.0,0.0,20.0,0.0,27.0,0.0,0.0,36.0,159.0,0.0,94.0,63.0,0.0,150.0,0.0,0.0,0.0,0.0,0.0,51.0,0.0,0.0,0.0,0.0,0.0,0.0,28.0,0.0,0.0,64.0,36.0,0.0,5.0,33.0,5.0,0.0,0.0,0.0,17.0,81.0,0.0,0.0,0.0,22.0,3.0,27.0,111.0,0.0,10.0,35.0,0.0,0.0,0.0,0.0,46.0,0.0,24.0,28.0,0.0,0.0,293.0,103.0,0.0,29.0,10.0,0.0,0.0,0.0,0.0,11.0,53.0,0.0,0.0,0.0,157.0,804.0,39.0,24.0,0.0,372.0,86.0,0.0,2016-10-01
2016-11-01,89.0,0.0,72.0,10.0,0.0,0.0,0.0,0.0,0.0,121.0,0.0,0.0,0.0,0.0,0.0,0.0,0.0,5.0,551.0,46.0,7.0,0.0,30.0,60.0,34.0,47.0,0.0,26.0,0.0,0.0,0.0,0.0,19.0,294.0,215.0,0.0,148.0,0.0,0.0,0.0,0.0,799.0,246.0,0.0,0.0,20.0,0.0,0.0,29.0,18.0,133.0,12.0,0.0,0.0,65.0,0.0,0.0,172.0,0.0,1.0,1566.0,0.0,0.0,85.0,69.0,0.0,412.0,0.0,0.0,0.0,4.0,22.0,15.0,5.0,0.0,0.0,40.0,4.0,8.0,208.0,0.0,0.0,0.0,0.0,4.0,0.0,108.0,0.0,0.0,8.0,107.0,0.0,0.0,12.0,75.0,167.0,0.0,0.0,0.0,34.0,0.0,0.0,0.0,28.0,0.0,86.0,0.0,0.0,0.0,341.0,0.0,26.0,0.0,63.0,18.0,252.0,154.0,0.0,0.0,0.0,0.0,12.0,0.0,0.0,0.0,6.0,0.0,28.0,0.0,0.0,0.0,0.0,0.0,1568.0,0.0,0.0,0.0,0.0,6.0,216.0,0.0,0.0,0.0,0.0,28.0,16.0,0.0,0.0,0.0,0.0,0.0,17.0,0.0,0.0,395.0,0.0,0.0,0.0,0.0,0.0,18.0,0.0,28.0,36.0,227.0,0.0,0.0,0.0,0.0,9.0,0.0,25.0,0.0,0.0,0.0,0.0,13.0,1.0,0.0,19.0,0.0,940.0,26.0,12.0,0.0,73.0,112.0,56.0,1.0,0.0,0.0,58.0,0.0,45.0,1.0,55.0,0.0,0.0,0.0,0.0,0.0,0.0,0.0,1.0,0.0,16.0,0.0,31.0,0.0,0.0,37.0,159.0,0.0,100.0,69.0,0.0,146.0,0.0,0.0,0.0,0.0,0.0,37.0,0.0,0.0,0.0,0.0,0.0,0.0,24.0,0.0,0.0,70.0,25.0,0.0,4.0,34.0,5.0,0.0,0.0,0.0,22.0,97.0,0.0,0.0,0.0,30.0,4.0,37.0,297.0,0.0,14.0,31.0,0.0,0.0,0.0,0.0,45.0,0.0,28.0,71.0,0.0,0.0,345.0,207.0,0.0,29.0,10.0,0.0,0.0,0.0,0.0,4.0,77.0,0.0,0.0,0.0,159.0,694.0,39.0,13.0,0.0,401.0,87.0,0.0,2016-11-01
2016-12-01,85.0,0.0,244.0,10.0,0.0,0.0,0.0,0.0,0.0,130.0,0.0,0.0,0.0,0.0,0.0,0.0,0.0,4.0,359.0,41.0,5.0,0.0,31.0,78.0,39.0,51.0,0.0,25.0,0.0,0.0,0.0,0.0,20.0,287.0,121.0,0.0,96.0,0.0,0.0,0.0,0.0,800.0,255.0,0.0,0.0,25.0,0.0,0.0,30.0,17.0,98.0,13.0,0.0,0.0,71.0,0.0,0.0,186.0,0.0,1.0,1993.0,0.0,0.0,55.0,23.0,0.0,406.0,0.0,0.0,0.0,6.0,24.0,19.0,6.0,0.0,0.0,60.0,3.0,7.0,225.0,0.0,0.0,0.0,0.0,3.0,0.0,95.0,0.0,0.0,11.0,62.0,0.0,0.0,11.0,55.0,743.0,0.0,0.0,0.0,43.0,0.0,27.0,0.0,30.0,0.0,67.0,0.0,0.0,0.0,488.0,0.0,28.0,0.0,76.0,17.0,279.0,149.0,0.0,0.0,0.0,30.0,56.0,0.0,0.0,0.0,8.0,0.0,21.0,0.0,0.0,0.0,0.0,0.0,1671.0,0.0,87.0,0.0,0.0,5.0,251.0,0.0,0.0,0.0,0.0,18.0,16.0,0.0,0.0,0.0,0.0,0.0,19.0,0.0,0.0,435.0,0.0,0.0,0.0,0.0,0.0,19.0,0.0,27.0,40.0,266.0,0.0,0.0,0.0,0.0,10.0,0.0,22.0,0.0,1.0,0.0,0.0,19.0,1.0,0.0,85.0,0.0,1154.0,24.0,5.0,0.0,53.0,145.0,156.0,0.0,0.0,0.0,32.0,0.0,47.0,0.0,63.0,0.0,0.0,0.0,0.0,0.0,0.0,0.0,1.0,0.0,16.0,7.0,29.0,0.0,0.0,42.0,182.0,0.0,106.0,78.0,0.0,148.0,0.0,0.0,0.0,0.0,0.0,12.0,0.0,0.0,0.0,0.0,0.0,0.0,43.0,0.0,0.0,71.0,39.0,0.0,4.0,45.0,14.0,0.0,0.0,0.0,20.0,101.0,0.0,0.0,0.0,31.0,2.0,33.0,132.0,0.0,28.0,50.0,0.0,0.0,0.0,0.0,50.0,0.0,29.0,43.0,0.0,0.0,392.0,270.0,0.0,47.0,11.0,0.0,0.0,0.0,0.0,3.0,105.0,0.0,0.0,0.0,180.0,613.0,46.0,12.0,0.0,498.0,91.0,0.0,2016-12-01
2017-01-01,97.0,0.0,259.0,11.0,0.0,0.0,0.0,0.0,0.0,154.0,0.0,0.0,0.0,0.0,0.0,0.0,0.0,8.0,353.0,51.0,6.0,0.0,22.0,100.0,41.0,72.0,0.0,61.0,0.0,0.0,0.0,0.0,22.0,337.0,180.0,0.0,84.0,0.0,0.0,0.0,17.0,934.0,294.0,0.0,0.0,29.0,0.0,0.0,35.0,25.0,131.0,23.0,0.0,0.0,73.0,0.0,0.0,185.0,0.0,1.0,1537.0,0.0,0.0,177.0,17.0,0.0,483.0,0.0,0.0,0.0,4.0,34.0,23.0,12.0,1.0,0.0,59.0,3.0,5.0,245.0,0.0,0.0,0.0,0.0,4.0,0.0,109.0,0.0,0.0,14.0,50.0,0.0,0.0,14.0,82.0,195.0,0.0,87.0,0.0,42.0,0.0,0.0,0.0,35.0,0.0,71.0,0.0,0.0,0.0,518.0,0.0,29.0,0.0,83.0,21.0,241.0,150.0,0.0,0.0,0.0,76.0,52.0,0.0,0.0,0.0,7.0,0.0,18.0,0.0,0.0,0.0,0.0,0.0,1834.0,0.0,38.0,0.0,0.0,4.0,266.0,0.0,0.0,0.0,0.0,15.0,18.0,0.0,0.0,0.0,0.0,0.0,23.0,0.0,0.0,485.0,0.0,0.0,0.0,0.0,0.0,22.0,0.0,27.0,28.0,284.0,0.0,0.0,0.0,0.0,12.0,0.0,22.0,0.0,0.0,7.0,0.0,8.0,1.0,0.0,51.0,0.0,1309.0,27.0,0.0,0.0,82.0,102.0,107.0,0.0,0.0,0.0,12.0,0.0,58.0,0.0,50.0,0.0,0.0,0.0,0.0,0.0,0.0,0.0,2.0,0.0,22.0,383.0,32.0,0.0,0.0,50.0,203.0,0.0,124.0,102.0,0.0,200.0,0.0,0.0,0.0,0.0,0.0,10.0,0.0,0.0,0.0,0.0,0.0,0.0,39.0,0.0,0.0,75.0,53.0,0.0,5.0,50.0,19.0,0.0,0.0,0.0,19.0,104.0,0.0,0.0,0.0,30.0,8.0,48.0,112.0,0.0,61.0,43.0,0.0,0.0,0.0,0.0,71.0,0.0,28.0,33.0,0.0,0.0,508.0,245.0,0.0,46.0,14.0,0.0,0.0,0.0,0.0,3.0,112.0,0.0,0.0,0.0,204.0,736.0,51.0,32.0,0.0,649.0,98.0,0.0,2017-01-01
2017-02-01,73.0,0.0,221.0,10.0,0.0,0.0,0.0,0.0,0.0,138.0,0.0,0.0,0.0,0.0,0.0,0.0,0.0,7.0,259.0,49.0,6.0,0.0,14.0,110.0,47.0,55.0,0.0,35.0,0.0,0.0,0.0,0.0,21.0,348.0,313.0,0.0,95.0,0.0,0.0,0.0,210.0,1010.0,311.0,0.0,0.0,19.0,0.0,0.0,33.0,27.0,113.0,24.0,0.0,0.0,63.0,0.0,0.0,152.0,0.0,1.0,1297.0,0.0,0.0,93.0,10.0,0.0,487.0,0.0,0.0,0.0,2.0,25.0,18.0,20.0,1.0,0.0,52.0,3.0,4.0,240.0,0.0,0.0,0.0,0.0,4.0,0.0,103.0,0.0,0.0,12.0,50.0,0.0,0.0,14.0,84.0,90.0,0.0,568.0,0.0,35.0,0.0,0.0,0.0,33.0,0.0,59.0,0.0,0.0,0.0,408.0,0.0,35.0,0.0,80.0,22.0,222.0,162.0,16.0,0.0,0.0,105.0,30.0,2.0,0.0,0.0,6.0,0.0,14.0,0.0,0.0,0.0,0.0,0.0,1801.0,0.0,22.0,0.0,0.0,3.0,249.0,0.0,0.0,0.0,0.0,12.0,20.0,0.0,0.0,0.0,0.0,0.0,20.0,0.0,0.0,442.0,0.0,0.0,0.0,0.0,0.0,18.0,0.0,34.0,28.0,279.0,0.0,0.0,0.0,0.0,18.0,0.0,23.0,0.0,8.0,296.0,0.0,5.0,1.0,0.0,24.0,0.0,1160.0,29.0,18.0,0.0,79.0,92.0,67.0,1.0,0.0,0.0,6.0,0.0,62.0,1.0,44.0,0.0,0.0,0.0,0.0,0.0,0.0,0.0,2.0,0.0,16.0,353.0,41.0,0.0,0.0,43.0,203.0,0.0,123.0,119.0,0.0,197.0,0.0,0.0,0.0,0.0,0.0,7.0,0.0,0.0,0.0,0.0,0.0,0.0,27.0,0.0,0.0,80.0,52.0,0.0,5.0,43.0,13.0,0.0,0.0,0.0,21.0,103.0,0.0,0.0,0.0,30.0,5.0,72.0,107.0,0.0,27.0,37.0,0.0,0.0,0.0,0.0,67.0,0.0,28.0,23.0,0.0,105.0,681.0,174.0,0.0,37.0,14.0,0.0,0.0,0.0,0.0,2.0,98.0,0.0,0.0,0.0,199.0,710.0,46.0,30.0,0.0,678.0,105.0,0.0,2017-02-01
2017-03-01,74.0,0.0,158.0,9.0,0.0,0.0,0.0,0.0,0.0,132.0,0.0,0.0,0.0,0.0,0.0,0.0,0.0,4.0,246.0,48.0,6.0,0.0,13.0,93.0,45.0,47.0,0.0,40.0,0.0,0.0,0.0,0.0,20.0,311.0,258.0,0.0,118.0,0.0,0.0,0.0,32.0,946.0,293.0,0.0,0.0,17.0,0.0,0.0,30.0,21.0,176.0,17.0,0.0,0.0,51.0,0.0,0.0,130.0,0.0,1.0,1193.0,0.0,0.0,68.0,7.0,0.0,448.0,0.0,0.0,0.0,2.0,18.0,17.0,10.0,6.0,0.0,45.0,20.0,3.0,210.0,0.0,0.0,0.0,0.0,4.0,0.0,81.0,0.0,0.0,11.0,42.0,0.0,0.0,12.0,73.0,61.0,0.0,209.0,0.0,30.0,0.0,0.0,0.0,24.0,0.0,56.0,0.0,0.0,0.0,361.0,0.0,32.0,0.0,72.0,19.0,228.0,152.0,164.0,0.0,0.0,141.0,20.0,0.0,0.0,0.0,4.0,0.0,17.0,0.0,9.0,0.0,0.0,0.0,1601.0,0.0,10.0,0.0,0.0,1.0,201.0,0.0,0.0,0.0,0.0,9.0,21.0,0.0,0.0,0.0,0.0,162.0,16.0,0.0,0.0,376.0,0.0,0.0,0.0,0.0,0.0,16.0,0.0,36.0,27.0,286.0,0.0,0.0,0.0,0.0,9.0,0.0,21.0,0.0,87.0,61.0,0.0,18.0,1.0,0.0,17.0,0.0,1236.0,19.0,388.0,0.0,88.0,83.0,204.0,4.0,0.0,0.0,5.0,0.0,58.0,1.0,35.0,0.0,0.0,0.0,0.0,0.0,0.0,0.0,2.0,0.0,11.0,87.0,39.0,0.0,0.0,41.0,201.0,0.0,121.0,100.0,0.0,172.0,0.0,0.0,0.0,0.0,0.0,7.0,0.0,0.0,0.0,0.0,0.0,0.0,21.0,0.0,0.0,76.0,38.0,0.0,4.0,43.0,12.0,0.0,0.0,0.0,20.0,88.0,0.0,0.0,0.0,26.0,2.0,55.0,86.0,0.0,16.0,33.0,0.0,313.0,0.0,0.0,59.0,0.0,29.0,19.0,0.0,185.0,559.0,171.0,0.0,29.0,10.0,0.0,0.0,0.0,0.0,1.0,91.0,0.0,0.0,0.0,182.0,614.0,42.0,16.0,0.0,630.0,98.0,0.0,2017-03-01
2017-04-01,61.0,0.0,145.0,8.0,0.0,0.0,0.0,0.0,0.0,121.0,0.0,0.0,0.0,0.0,0.0,0.0,0.0,3.0,177.0,43.0,5.0,0.0,16.0,93.0,48.0,50.0,0.0,39.0,0.0,0.0,0.0,0.0,76.0,274.0,206.0,0.0,110.0,0.0,0.0,0.0,13.0,877.0,300.0,0.0,0.0,14.0,0.0,0.0,42.0,23.0,243.0,15.0,0.0,0.0,34.0,0.0,0.0,117.0,0.0,1.0,1313.0,0.0,0.0,205.0,8.0,0.0,395.0,0.0,0.0,0.0,2.0,19.0,18.0,9.0,20.0,0.0,48.0,7.0,3.0,213.0,0.0,0.0,0.0,0.0,4.0,0.0,74.0,0.0,0.0,5.0,40.0,0.0,0.0,9.0,64.0,34.0,0.0,75.0,0.0,25.0,0.0,0.0,0.0,27.0,0.0,49.0,0.0,0.0,0.0,384.0,0.0,32.0,0.0,64.0,16.0,308.0,192.0,26.0,0.0,0.0,176.0,14.0,0.0,0.0,0.0,3.0,0.0,15.0,0.0,33.0,0.0,0.0,0.0,1640.0,0.0,12.0,0.0,0.0,0.0,143.0,0.0,0.0,0.0,0.0,9.0,23.0,0.0,0.0,0.0,0.0,85.0,13.0,0.0,0.0,366.0,0.0,0.0,0.0,0.0,0.0,16.0,0.0,47.0,20.0,238.0,0.0,0.0,0.0,0.0,8.0,0.0,19.0,0.0,44.0,24.0,0.0,8.0,1.0,0.0,25.0,112.0,1193.0,26.0,1169.0,0.0,78.0,89.0,114.0,99.0,0.0,0.0,8.0,0.0,49.0,0.0,35.0,0.0,0.0,1.0,0.0,0.0,0.0,0.0,1.0,0.0,9.0,38.0,42.0,0.0,0.0,35.0,198.0,0.0,125.0,85.0,0.0,154.0,0.0,0.0,0.0,0.0,0.0,6.0,0.0,0.0,0.0,0.0,0.0,0.0,24.0,0.0,0.0,71.0,28.0,0.0,19.0,42.0,10.0,0.0,0.0,0.0,23.0,80.0,0.0,0.0,0.0,26.0,2.0,65.0,73.0,0.0,14.0,34.0,0.0,80.0,0.0,0.0,53.0,0.0,33.0,16.0,0.0,47.0,466.0,99.0,0.0,30.0,8.0,0.0,0.0,0.0,0.0,1.0,86.0,0.0,0.0,0.0,164.0,607.0,42.0,8.0,0.0,476.0,98.0,0.0,2017-04-01
2017-05-01,63.0,0.0,131.0,9.0,0.0,0.0,0.0,0.0,0.0,102.0,0.0,0.0,0.0,0.0,0.0,0.0,0.0,3.0,156.0,41.0,4.0,0.0,10.0,109.0,45.0,51.0,0.0,36.0,0.0,0.0,0.0,0.0,54.0,543.0,175.0,0.0,92.0,0.0,0.0,0.0,7.0,827.0,299.0,0.0,0.0,17.0,0.0,0.0,38.0,25.0,145.0,14.0,0.0,0.0,37.0,0.0,39.0,142.0,0.0,1.0,1062.0,1.0,0.0,97.0,6.0,1.0,420.0,0.0,0.0,0.0,2.0,14.0,15.0,9.0,14.0,0.0,65.0,3.0,2.0,193.0,0.0,0.0,0.0,0.0,37.0,0.0,85.0,0.0,0.0,4.0,40.0,0.0,0.0,12.0,46.0,29.0,0.0,76.0,0.0,31.0,0.0,149.0,0.0,23.0,0.0,48.0,0.0,0.0,0.0,409.0,0.0,36.0,0.0,59.0,17.0,246.0,356.0,15.0,0.0,0.0,211.0,13.0,90.0,0.0,0.0,3.0,0.0,11.0,0.0,18.0,0.0,0.0,0.0,1657.0,0.0,7.0,0.0,0.0,0.0,129.0,0.0,0.0,0.0,0.0,7.0,24.0,0.0,0.0,0.0,0.0,25.0,17.0,0.0,0.0,346.0,0.0,0.0,0.0,0.0,0.0,11.0,0.0,65.0,16.0,226.0,0.0,0.0,0.0,0.0,7.0,0.0,22.0,0.0,43.0,32.0,0.0,6.0,1.0,0.0,19.0,86.0,1191.0,23.0,1456.0,0.0,140.0,95.0,70.0,46.0,0.0,0.0,6.0,0.0,49.0,0.0,36.0,0.0,0.0,134.0,0.0,0.0,0.0,0.0,2.0,0.0,9.0,27.0,47.0,0.0,0.0,30.0,191.0,0.0,127.0,78.0,0.0,153.0,0.0,0.0,0.0,0.0,0.0,7.0,0.0,0.0,0.0,0.0,0.0,0.0,22.0,0.0,0.0,72.0,31.0,0.0,14.0,39.0,13.0,0.0,0.0,0.0,19.0,72.0,0.0,0.0,0.0,30.0,1.0,63.0,79.0,0.0,14.0,33.0,0.0,46.0,0.0,0.0,57.0,0.0,36.0,20.0,0.0,27.0,460.0,116.0,0.0,27.0,9.0,0.0,0.0,0.0,0.0,1.0,79.0,0.0,0.0,0.0,153.0,572.0,45.0,9.0,0.0,404.0,96.0,0.0,2017-05-01
2017-06-01,90.0,0.0,160.0,14.0,0.0,0.0,0.0,0.0,0.0,98.0,0.0,0.0,0.0,0.0,0.0,0.0,0.0,6.0,156.0,41.0,5.0,0.0,12.0,175.0,43.0,48.0,0.0,39.0,0.0,0.0,0.0,0.0,35.0,492.0,161.0,0.0,84.0,0.0,0.0,0.0,5.0,787.0,295.0,0.0,0.0,15.0,0.0,0.0,33.0,24.0,106.0,60.0,0.0,0.0,50.0,0.0,23.0,137.0,0.0,1.0,885.0,1.0,0.0,98.0,10.0,1.0,422.0,0.0,0.0,0.0,4.0,23.0,15.0,8.0,13.0,0.0,53.0,2.0,2.0,198.0,0.0,0.0,0.0,0.0,224.0,0.0,95.0,0.0,0.0,5.0,36.0,0.0,0.0,13.0,0.0,33.0,0.0,41.0,0.0,22.0,0.0,409.0,0.0,26.0,0.0,49.0,0.0,0.0,0.0,530.0,0.0,37.0,0.0,60.0,17.0,203.0,210.0,16.0,0.0,0.0,256.0,12.0,51.0,3.0,0.0,4.0,0.0,122.0,0.0,14.0,0.0,0.0,0.0,1598.0,0.0,4.0,0.0,0.0,0.0,113.0,0.0,0.0,0.0,0.0,8.0,23.0,0.0,0.0,0.0,0.0,14.0,15.0,0.0,0.0,398.0,0.0,0.0,0.0,0.0,0.0,9.0,0.0,74.0,18.0,225.0,0.0,0.0,0.0,0.0,7.0,0.0,22.0,0.0,22.0,19.0,0.0,6.0,1.0,0.0,12.0,19.0,1366.0,86.0,1686.0,0.0,120.0,96.0,87.0,32.0,0.0,0.0,7.0,0.0,43.0,1.0,39.0,0.0,0.0,25.0,0.0,0.0,0.0,0.0,2.0,0.0,9.0,23.0,54.0,0.0,0.0,39.0,188.0,0.0,125.0,87.0,0.0,138.0,0.0,0.0,0.0,0.0,0.0,7.0,0.0,0.0,0.0,0.0,0.0,0.0,21.0,0.0,0.0,69.0,32.0,0.0,10.0,32.0,15.0,0.0,0.0,0.0,19.0,82.0,0.0,134.0,0.0,32.0,6.0,90.0,86.0,0.0,16.0,34.0,0.0,40.0,0.0,0.0,78.0,0.0,38.0,23.0,0.0,19.0,468.0,100.0,0.0,28.0,9.0,0.0,0.0,0.0,0.0,1.0,79.0,0.0,0.0,0.0,144.0,630.0,42.0,18.0,0.0,353.0,96.0,0.0,2017-06-01
2017-07-01,127.0,0.0,152.0,14.0,0.0,0.0,0.0,0.0,0.0,109.0,0.0,0.0,0.0,0.0,0.0,0.0,0.0,3.0,163.0,45.0,5.0,0.0,19.0,202.0,42.0,46.0,0.0,43.0,0.0,0.0,0.0,0.0,35.0,442.0,189.0,0.0,130.0,0.0,0.0,0.0,5.0,841.0,322.0,0.0,0.0,26.0,0.0,0.0,34.0,28.0,122.0,76.0,0.0,0.0,41.0,0.0,17.0,193.0,0.0,1.0,771.0,111.0,0.0,248.0,10.0,0.0,433.0,0.0,0.0,2.0,4.0,28.0,15.0,7.0,28.0,0.0,69.0,3.0,2.0,169.0,0.0,0.0,0.0,0.0,211.0,0.0,99.0,0.0,0.0,5.0,42.0,0.0,0.0,17.0,0.0,31.0,0.0,36.0,212.0,22.0,0.0,198.0,0.0,30.0,0.0,57.0,0.0,0.0,0.0,524.0,0.0,36.0,0.0,65.0,20.0,218.0,181.0,15.0,0.0,0.0,316.0,13.0,32.0,5.0,0.0,5.0,0.0,52.0,0.0,14.0,0.0,0.0,0.0,1751.0,0.0,5.0,0.0,0.0,1.0,104.0,0.0,0.0,0.0,0.0,8.0,23.0,0.0,0.0,0.0,0.0,13.0,19.0,0.0,0.0,457.0,0.0,0.0,0.0,0.0,0.0,10.0,0.0,79.0,22.0,239.0,0.0,0.0,0.0,0.0,8.0,0.0,22.0,0.0,21.0,18.0,0.0,10.0,1.0,0.0,14.0,14.0,1177.0,42.0,2292.0,0.0,127.0,92.0,80.0,22.0,0.0,0.0,9.0,0.0,48.0,3.0,42.0,0.0,0.0,14.0,0.0,0.0,0.0,0.0,2.0,0.0,11.0,23.0,53.0,0.0,0.0,52.0,226.0,0.0,130.0,95.0,0.0,154.0,0.0,0.0,0.0,0.0,0.0,7.0,0.0,0.0,0.0,0.0,0.0,0.0,20.0,0.0,0.0,70.0,46.0,0.0,5.0,38.0,20.0,0.0,0.0,0.0,19.0,76.0,0.0,58.0,0.0,39.0,5.0,62.0,94.0,0.0,23.0,34.0,0.0,55.0,0.0,0.0,68.0,0.0,40.0,28.0,0.0,20.0,568.0,105.0,0.0,28.0,10.0,0.0,0.0,0.0,0.0,1.0,134.0,0.0,0.0,0.0,138.0,684.0,45.0,19.0,0.0,412.0,105.0,0.0,2017-07-01
2017-08-01,92.0,0.0,136.0,10.0,0.0,0.0,0.0,0.0,0.0,83.0,0.0,0.0,0.0,0.0,0.0,0.0,0.0,2.0,156.0,46.0,4.0,0.0,9.0,149.0,39.0,44.0,0.0,34.0,0.0,0.0,0.0,0.0,31.0,346.0,131.0,0.0,101.0,59.0,0.0,0.0,29.0,865.0,312.0,0.0,0.0,20.0,0.0,0.0,34.0,25.0,100.0,25.0,0.0,39.0,32.0,0.0,7.0,224.0,0.0,1.0,510.0,107.0,0.0,131.0,8.0,1.0,408.0,0.0,0.0,9.0,4.0,21.0,18.0,6.0,67.0,0.0,67.0,3.0,2.0,135.0,0.0,0.0,0.0,0.0,150.0,0.0,88.0,0.0,0.0,4.0,39.0,0.0,0.0,14.0,0.0,28.0,0.0,59.0,194.0,23.0,0.0,113.0,0.0,29.0,0.0,49.0,0.0,0.0,0.0,458.0,0.0,60.0,0.0,59.0,19.0,301.0,167.0,14.0,0.0,0.0,338.0,10.0,24.0,0.0,0.0,51.0,0.0,26.0,0.0,15.0,0.0,0.0,0.0,1696.0,0.0,5.0,0.0,0.0,0.0,55.0,116.0,0.0,0.0,0.0,7.0,20.0,0.0,0.0,0.0,0.0,9.0,18.0,0.0,0.0,407.0,0.0,0.0,0.0,0.0,0.0,8.0,0.0,76.0,13.0,159.0,0.0,0.0,0.0,0.0,6.0,0.0,18.0,0.0,14.0,23.0,0.0,46.0,1.0,0.0,12.0,11.0,1152.0,23.0,2651.0,0.0,120.0,98.0,327.0,18.0,0.0,0.0,6.0,0.0,47.0,2.0,40.0,0.0,0.0,12.0,0.0,0.0,0.0,0.0,2.0,0.0,12.0,21.0,55.0,0.0,0.0,50.0,206.0,0.0,119.0,82.0,0.0,151.0,0.0,0.0,0.0,0.0,0.0,7.0,0.0,0.0,0.0,0.0,0.0,0.0,21.0,0.0,0.0,70.0,36.0,0.0,5.0,41.0,13.0,0.0,0.0,0.0,17.0,68.0,0.0,45.0,0.0,35.0,3.0,49.0,85.0,0.0,17.0,33.0,0.0,35.0,0.0,0.0,53.0,0.0,34.0,31.0,0.0,17.0,598.0,115.0,0.0,27.0,17.0,0.0,0.0,0.0,0.0,1.0,139.0,0.0,0.0,0.0,142.0,607.0,43.0,22.0,0.0,314.0,105.0,0.0,2017-08-01
2017-09-01,78.0,0.0,210.0,8.0,0.0,0.0,0.0,0.0,0.0,79.0,0.0,0.0,0.0,0.0,0.0,0.0,0.0,1.0,151.0,35.0,2.0,0.0,15.0,142.0,52.0,42.0,0.0,28.0,0.0,0.0,0.0,0.0,19.0,214.0,71.0,0.0,53.0,100.0,0.0,0.0,15.0,775.0,301.0,29.0,0.0,14.0,0.0,0.0,31.0,24.0,93.0,18.0,0.0,22.0,32.0,0.0,5.0,253.0,0.0,1.0,104.0,2092.0,0.0,68.0,9.0,127.0,420.0,0.0,4.0,1.0,4.0,13.0,14.0,7.0,49.0,0.0,64.0,2.0,1.0,67.0,129.0,0.0,0.0,0.0,111.0,0.0,79.0,0.0,0.0,3.0,42.0,0.0,0.0,12.0,0.0,23.0,0.0,32.0,291.0,15.0,0.0,65.0,0.0,20.0,0.0,38.0,0.0,0.0,0.0,384.0,0.0,73.0,0.0,41.0,11.0,258.0,188.0,9.0,0.0,0.0,358.0,11.0,16.0,0.0,0.0,12.0,0.0,21.0,0.0,11.0,0.0,11.0,0.0,1709.0,0.0,5.0,0.0,1.0,0.0,6.0,233.0,0.0,0.0,0.0,5.0,21.0,0.0,0.0,0.0,0.0,5.0,16.0,0.0,0.0,311.0,0.0,0.0,0.0,0.0,0.0,7.0,0.0,81.0,6.0,54.0,189.0,0.0,0.0,0.0,6.0,0.0,16.0,0.0,17.0,15.0,0.0,14.0,1.0,0.0,23.0,7.0,1054.0,17.0,2736.0,0.0,101.0,68.0,197.0,15.0,0.0,0.0,6.0,0.0,49.0,1.0,35.0,0.0,0.0,9.0,0.0,0.0,0.0,0.0,2.0,0.0,11.0,18.0,56.0,0.0,0.0,37.0,204.0,0.0,125.0,75.0,0.0,124.0,0.0,0.0,0.0,0.0,0.0,7.0,0.0,0.0,0.0,0.0,0.0,0.0,22.0,0.0,0.0,76.0,32.0,0.0,12.0,35.0,12.0,0.0,0.0,0.0,16.0,60.0,0.0,39.0,0.0,28.0,1.0,40.0,83.0,0.0,16.0,26.0,0.0,30.0,0.0,0.0,54.0,0.0,33.0,16.0,0.0,19.0,551.0,94.0,0.0,17.0,11.0,0.0,0.0,0.0,0.0,0.0,114.0,0.0,0.0,0.0,143.0,646.0,49.0,17.0,0.0,289.0,104.0,0.0,2017-09-01
2017-10-01,74.0,0.0,151.0,10.0,0.0,0.0,0.0,0.0,0.0,80.0,0.0,0.0,0.0,66.0,0.0,0.0,0.0,1.0,109.0,34.0,2.0,0.0,13.0,136.0,50.0,39.0,0.0,28.0,0.0,0.0,0.0,0.0,17.0,169.0,57.0,0.0,43.0,19.0,0.0,0.0,7.0,798.0,298.0,236.0,0.0,13.0,0.0,0.0,30.0,18.0,79.0,17.0,0.0,7.0,36.0,0.0,2.0,285.0,0.0,1.0,26.0,1315.0,0.0,51.0,5.0,86.0,425.0,0.0,0.0,0.0,44.0,25.0,9.0,6.0,65.0,0.0,56.0,2.0,1.0,10.0,374.0,0.0,0.0,0.0,115.0,0.0,75.0,0.0,0.0,3.0,45.0,0.0,0.0,11.0,0.0,17.0,0.0,24.0,1321.0,12.0,0.0,65.0,0.0,19.0,0.0,34.0,0.0,0.0,0.0,330.0,0.0,57.0,0.0,37.0,9.0,237.0,174.0,8.0,0.0,0.0,381.0,13.0,12.0,0.0,0.0,5.0,0.0,21.0,0.0,10.0,0.0,0.0,0.0,1779.0,0.0,4.0,0.0,0.0,0.0,3.0,187.0,0.0,0.0,0.0,4.0,21.0,0.0,0.0,0.0,0.0,6.0,56.0,0.0,169.0,295.0,0.0,0.0,0.0,0.0,0.0,8.0,0.0,87.0,4.0,15.0,200.0,0.0,0.0,0.0,5.0,0.0,17.0,0.0,10.0,17.0,0.0,6.0,2.0,0.0,27.0,11.0,981.0,17.0,2396.0,0.0,83.0,86.0,102.0,12.0,0.0,0.0,6.0,0.0,45.0,1.0,34.0,0.0,0.0,7.0,0.0,0.0,0.0,0.0,3.0,0.0,15.0,25.0,59.0,0.0,0.0,31.0,219.0,0.0,127.0,85.0,0.0,125.0,0.0,0.0,0.0,0.0,0.0,7.0,0.0,0.0,0.0,133.0,0.0,0.0,15.0,75.0,0.0,66.0,44.0,0.0,9.0,37.0,10.0,0.0,72.0,0.0,18.0,61.0,0.0,34.0,0.0,25.0,1.0,41.0,75.0,124.0,20.0,26.0,0.0,27.0,0.0,0.0,51.0,0.0,35.0,12.0,0.0,42.0,431.0,79.0,0.0,13.0,8.0,0.0,0.0,0.0,0.0,0.0,299.0,0.0,0.0,0.0,143.0,623.0,46.0,7.0,0.0,227.0,99.0,0.0,2017-10-01
2017-11-01,81.0,0.0,145.0,20.0,0.0,0.0,0.0,0.0,0.0,82.0,0.0,0.0,0.0,143.0,0.0,0.0,0.0,1.0,97.0,33.0,3.0,0.0,125.0,133.0,47.0,42.0,0.0,30.0,0.0,0.0,0.0,0.0,10.0,78.0,17.0,0.0,11.0,740.0,0.0,0.0,9.0,798.0,312.0,56.0,0.0,15.0,0.0,0.0,32.0,19.0,80.0,23.0,1.0,10.0,40.0,0.0,8.0,278.0,0.0,1.0,27.0,924.0,0.0,205.0,5.0,29.0,476.0,0.0,0.0,8.0,14.0,17.0,10.0,6.0,101.0,0.0,63.0,1.0,1.0,6.0,254.0,0.0,0.0,0.0,107.0,0.0,76.0,0.0,0.0,3.0,46.0,0.0,0.0,11.0,0.0,44.0,0.0,36.0,1377.0,11.0,0.0,41.0,0.0,20.0,0.0,31.0,0.0,0.0,0.0,337.0,0.0,42.0,0.0,34.0,10.0,261.0,182.0,50.0,0.0,0.0,439.0,12.0,19.0,0.0,0.0,5.0,0.0,17.0,0.0,11.0,0.0,0.0,0.0,1867.0,0.0,4.0,0.0,0.0,0.0,3.0,172.0,0.0,0.0,0.0,4.0,23.0,0.0,0.0,0.0,0.0,6.0,27.0,0.0,33.0,293.0,0.0,0.0,0.0,0.0,0.0,7.0,0.0,99.0,5.0,17.0,158.0,0.0,0.0,0.0,5.0,0.0,17.0,0.0,12.0,63.0,0.0,6.0,2.0,0.0,13.0,7.0,1161.0,17.0,2108.0,0.0,80.0,65.0,99.0,10.0,0.0,0.0,7.0,0.0,47.0,1.0,21.0,0.0,0.0,7.0,0.0,0.0,0.0,0.0,2.0,0.0,11.0,18.0,63.0,0.0,0.0,34.0,203.0,0.0,124.0,97.0,0.0,135.0,0.0,0.0,0.0,0.0,0.0,9.0,1.0,0.0,0.0,39.0,0.0,0.0,9.0,126.0,0.0,89.0,49.0,0.0,7.0,36.0,10.0,0.0,117.0,0.0,17.0,60.0,0.0,36.0,0.0,26.0,0.0,45.0,85.0,33.0,22.0,24.0,0.0,25.0,0.0,0.0,54.0,4.0,37.0,12.0,0.0,20.0,453.0,64.0,0.0,13.0,8.0,0.0,2.0,0.0,0.0,0.0,241.0,0.0,0.0,0.0,145.0,747.0,47.0,6.0,0.0,208.0,105.0,0.0,2017-11-01
2017-12-01,79.0,0.0,242.0,14.0,0.0,0.0,0.0,0.0,0.0,85.0,0.0,0.0,0.0,49.0,0.0,0.0,0.0,1.0,101.0,35.0,2.0,0.0,77.0,151.0,50.0,54.0,0.0,27.0,0.0,0.0,0.0,0.0,12.0,80.0,14.0,0.0,7.0,327.0,0.0,0.0,10.0,864.0,313.0,38.0,0.0,13.0,0.0,0.0,34.0,22.0,107.0,20.0,3.0,12.0,40.0,0.0,9.0,270.0,0.0,2.0,24.0,693.0,0.0,98.0,4.0,24.0,481.0,0.0,0.0,3.0,10.0,18.0,7.0,8.0,138.0,0.0,100.0,2.0,0.0,5.0,243.0,0.0,0.0,0.0,98.0,0.0,88.0,0.0,0.0,3.0,40.0,0.0,0.0,13.0,0.0,36.0,0.0,30.0,1990.0,12.0,0.0,39.0,0.0,23.0,0.0,33.0,0.0,0.0,0.0,495.0,0.0,39.0,0.0,35.0,11.0,370.0,182.0,47.0,0.0,0.0,502.0,11.0,16.0,7.0,0.0,5.0,0.0,25.0,0.0,13.0,0.0,0.0,0.0,1865.0,0.0,5.0,0.0,0.0,0.0,3.0,183.0,0.0,0.0,0.0,5.0,22.0,0.0,0.0,0.0,0.0,4.0,18.0,0.0,16.0,309.0,0.0,0.0,0.0,44.0,0.0,6.0,0.0,118.0,4.0,17.0,173.0,0.0,0.0,0.0,7.0,0.0,16.0,0.0,16.0,45.0,0.0,5.0,3.0,0.0,11.0,6.0,1178.0,19.0,2681.0,0.0,66.0,62.0,263.0,16.0,0.0,0.0,9.0,0.0,47.0,1.0,1.0,0.0,0.0,9.0,0.0,0.0,0.0,0.0,2.0,0.0,9.0,45.0,68.0,0.0,0.0,38.0,231.0,0.0,140.0,117.0,0.0,133.0,0.0,0.0,0.0,0.0,0.0,12.0,4.0,0.0,0.0,13.0,0.0,0.0,4.0,68.0,0.0,94.0,43.0,0.0,8.0,42.0,15.0,0.0,43.0,0.0,23.0,59.0,0.0,39.0,0.0,34.0,0.0,56.0,98.0,17.0,26.0,23.0,0.0,55.0,0.0,0.0,55.0,59.0,45.0,11.0,0.0,27.0,615.0,185.0,0.0,14.0,9.0,0.0,27.0,0.0,0.0,0.0,173.0,0.0,0.0,0.0,164.0,846.0,52.0,6.0,64.0,163.0,115.0,0.0,2017-12-01
2018-01-01,87.0,0.0,222.0,21.0,0.0,0.0,0.0,0.0,0.0,88.0,0.0,0.0,0.0,46.0,0.0,0.0,11.0,1.0,113.0,41.0,3.0,0.0,49.0,189.0,49.0,72.0,0.0,39.0,0.0,0.0,0.0,0.0,16.0,106.0,16.0,0.0,9.0,255.0,0.0,0.0,13.0,1055.0,371.0,35.0,0.0,15.0,0.0,0.0,46.0,31.0,170.0,26.0,10.0,13.0,39.0,0.0,14.0,312.0,0.0,3.0,36.0,355.0,0.0,83.0,5.0,33.0,551.0,0.0,136.0,1.0,12.0,25.0,10.0,11.0,305.0,0.0,85.0,2.0,0.0,4.0,265.0,0.0,0.0,0.0,119.0,0.0,95.0,0.0,0.0,5.0,43.0,0.0,0.0,18.0,0.0,31.0,0.0,34.0,3180.0,17.0,0.0,43.0,1.0,27.0,0.0,38.0,0.0,0.0,0.0,517.0,0.0,43.0,0.0,44.0,15.0,323.0,204.0,47.0,0.0,0.0,582.0,14.0,14.0,0.0,0.0,5.0,0.0,23.0,0.0,16.0,0.0,0.0,0.0,2388.0,0.0,6.0,0.0,0.0,0.0,3.0,205.0,0.0,0.0,0.0,5.0,28.0,0.0,0.0,0.0,0.0,6.0,20.0,0.0,12.0,346.0,0.0,0.0,0.0,304.0,0.0,9.0,0.0,138.0,2.0,16.0,245.0,0.0,0.0,0.0,7.0,0.0,19.0,0.0,19.0,38.0,0.0,8.0,6.0,0.0,13.0,8.0,1504.0,19.0,3237.0,0.0,104.0,53.0,194.0,23.0,0.0,0.0,10.0,0.0,53.0,0.0,1.0,0.0,0.0,11.0,0.0,0.0,0.0,0.0,3.0,0.0,15.0,33.0,75.0,0.0,0.0,49.0,268.0,0.0,162.0,126.0,0.0,167.0,0.0,0.0,107.0,0.0,0.0,22.0,83.0,0.0,0.0,11.0,0.0,0.0,4.0,42.0,0.0,92.0,58.0,0.0,13.0,63.0,128.0,0.0,36.0,0.0,22.0,60.0,0.0,39.0,0.0,39.0,0.0,61.0,113.0,13.0,32.0,26.0,0.0,58.0,0.0,0.0,75.0,154.0,49.0,14.0,0.0,29.0,734.0,211.0,0.0,16.0,12.0,0.0,122.0,0.0,0.0,0.0,151.0,0.0,0.0,0.0,193.0,853.0,59.0,8.0,22.0,130.0,129.0,0.0,2018-01-01
2018-02-01,81.0,0.0,182.0,18.0,0.0,0.0,0.0,0.0,0.0,87.0,0.0,0.0,0.0,42.0,0.0,0.0,71.0,1.0,118.0,47.0,3.0,0.0,30.0,187.0,50.0,50.0,0.0,60.0,0.0,0.0,0.0,0.0,16.0,119.0,18.0,0.0,11.0,175.0,0.0,0.0,11.0,1160.0,388.0,22.0,0.0,14.0,0.0,0.0,38.0,28.0,155.0,21.0,11.0,13.0,36.0,0.0,8.0,335.0,0.0,4.0,36.0,283.0,0.0,134.0,4.0,25.0,574.0,0.0,161.0,0.0,8.0,40.0,5.0,9.0,223.0,0.0,71.0,3.0,1.0,5.0,242.0,0.0,0.0,0.0,176.0,0.0,93.0,0.0,0.0,6.0,41.0,0.0,0.0,17.0,0.0,24.0,0.0,49.0,5135.0,20.0,0.0,42.0,3.0,25.0,0.0,45.0,0.0,0.0,1.0,465.0,0.0,45.0,0.0,47.0,18.0,283.0,191.0,34.0,87.0,0.0,621.0,13.0,14.0,14.0,0.0,4.0,0.0,19.0,280.0,20.0,0.0,0.0,0.0,2333.0,0.0,5.0,0.0,0.0,0.0,3.0,193.0,0.0,0.0,0.0,5.0,29.0,0.0,0.0,0.0,0.0,7.0,15.0,0.0,10.0,324.0,0.0,0.0,0.0,624.0,0.0,9.0,0.0,159.0,2.0,17.0,229.0,0.0,0.0,0.0,8.0,0.0,21.0,0.0,14.0,23.0,0.0,6.0,6.0,0.0,13.0,7.0,1339.0,19.0,2861.0,0.0,103.0,10.0,89.0,20.0,0.0,0.0,7.0,0.0,58.0,1.0,1.0,0.0,0.0,8.0,0.0,0.0,0.0,0.0,3.0,0.0,14.0,23.0,83.0,0.0,0.0,57.0,283.0,0.0,162.0,131.0,0.0,206.0,0.0,0.0,91.0,0.0,0.0,27.0,122.0,0.0,0.0,6.0,0.0,0.0,3.0,23.0,0.0,92.0,48.0,0.0,26.0,44.0,195.0,0.0,24.0,0.0,20.0,61.0,0.0,33.0,0.0,41.0,0.0,57.0,93.0,11.0,36.0,28.0,0.0,53.0,0.0,0.0,83.0,42.0,49.0,16.0,0.0,26.0,832.0,132.0,0.0,14.0,10.0,0.0,93.0,0.0,0.0,0.0,153.0,22.0,6.0,0.0,177.0,933.0,59.0,8.0,10.0,84.0,134.0,0.0,2018-02-01
2018-03-01,72.0,120.0,166.0,13.0,0.0,0.0,0.0,0.0,0.0,90.0,0.0,0.0,0.0,38.0,0.0,0.0,8.0,1.0,103.0,45.0,3.0,0.0,49.0,193.0,49.0,184.0,0.0,46.0,0.0,0.0,0.0,0.0,15.0,119.0,15.0,0.0,11.0,115.0,0.0,0.0,9.0,1063.0,401.0,16.0,0.0,14.0,0.0,0.0,37.0,27.0,139.0,17.0,74.0,13.0,41.0,0.0,11.0,285.0,0.0,2.0,33.0,212.0,0.0,163.0,4.0,17.0,567.0,0.0,80.0,0.0,7.0,25.0,3.0,9.0,144.0,0.0,68.0,2.0,0.0,4.0,216.0,0.0,0.0,0.0,147.0,0.0,80.0,0.0,257.0,6.0,43.0,0.0,0.0,17.0,0.0,124.0,0.0,44.0,8159.0,14.0,0.0,32.0,4.0,22.0,0.0,35.0,0.0,0.0,1.0,428.0,0.0,47.0,0.0,39.0,16.0,255.0,186.0,35.0,71.0,0.0,653.0,12.0,11.0,0.0,0.0,6.0,0.0,18.0,89.0,23.0,0.0,0.0,0.0,2139.0,0.0,4.0,0.0,0.0,0.0,1.0,155.0,0.0,0.0,0.0,7.0,45.0,0.0,0.0,0.0,0.0,6.0,15.0,0.0,7.0,302.0,0.0,0.0,0.0,210.0,0.0,10.0,0.0,181.0,0.0,10.0,148.0,0.0,0.0,0.0,5.0,0.0,21.0,0.0,28.0,20.0,0.0,6.0,7.0,0.0,13.0,7.0,1334.0,18.0,2702.0,0.0,97.0,8.0,312.0,19.0,0.0,0.0,5.0,0.0,58.0,1.0,1.0,0.0,0.0,7.0,0.0,0.0,0.0,0.0,3.0,0.0,13.0,20.0,85.0,1.0,0.0,62.0,276.0,0.0,160.0,114.0,0.0,163.0,0.0,0.0,731.0,0.0,0.0,10.0,55.0,0.0,0.0,6.0,0.0,0.0,2.0,21.0,0.0,105.0,45.0,0.0,21.0,39.0,67.0,0.0,21.0,0.0,47.0,59.0,0.0,41.0,0.0,44.0,0.0,62.0,93.0,7.0,27.0,30.0,0.0,45.0,0.0,0.0,63.0,21.0,50.0,15.0,0.0,31.0,942.0,140.0,0.0,15.0,10.0,0.0,88.0,0.0,0.0,0.0,141.0,260.0,1.0,0.0,180.0,845.0,57.0,8.0,8.0,129.0,139.0,0.0,2018-03-01
2018-04-01,78.0,68.0,155.0,14.0,0.0,0.0,0.0,0.0,0.0,98.0,0.0,0.0,0.0,25.0,0.0,0.0,3.0,1.0,84.0,44.0,3.0,0.0,42.0,182.0,43.0,94.0,0.0,47.0,0.0,0.0,0.0,0.0,17.0,110.0,15.0,0.0,12.0,128.0,0.0,0.0,25.0,920.0,408.0,14.0,0.0,17.0,0.0,0.0,35.0,26.0,124.0,25.0,89.0,16.0,44.0,0.0,9.0,303.0,0.0,2.0,34.0,256.0,0.0,94.0,4.0,23.0,558.0,0.0,60.0,0.0,5.0,30.0,2.0,9.0,157.0,0.0,71.0,2.0,0.0,4.0,199.0,0.0,0.0,0.0,136.0,0.0,72.0,0.0,376.0,5.0,37.0,0.0,0.0,16.0,0.0,49.0,0.0,41.0,10166.0,16.0,0.0,39.0,8.0,24.0,0.0,35.0,0.0,0.0,755.0,415.0,0.0,50.0,0.0,41.0,20.0,368.0,187.0,27.0,29.0,0.0,725.0,26.0,10.0,6.0,0.0,4.0,0.0,23.0,21.0,19.0,0.0,0.0,0.0,2030.0,0.0,4.0,0.0,0.0,0.0,1.0,124.0,0.0,0.0,0.0,6.0,66.0,3.0,0.0,0.0,0.0,5.0,13.0,0.0,5.0,306.0,0.0,0.0,0.0,141.0,0.0,10.0,0.0,197.0,0.0,9.0,149.0,0.0,0.0,0.0,5.0,0.0,17.0,0.0,21.0,15.0,0.0,8.0,7.0,0.0,16.0,14.0,1292.0,24.0,2508.0,7.0,113.0,12.0,163.0,22.0,0.0,0.0,7.0,0.0,54.0,1.0,1.0,0.0,0.0,6.0,119.0,0.0,0.0,0.0,3.0,0.0,13.0,19.0,87.0,63.0,0.0,62.0,298.0,0.0,152.0,106.0,0.0,162.0,0.0,0.0,376.0,0.0,0.0,7.0,40.0,0.0,0.0,5.0,0.0,0.0,2.0,21.0,0.0,103.0,47.0,0.0,11.0,46.0,35.0,0.0,17.0,0.0,116.0,59.0,0.0,37.0,0.0,45.0,0.0,75.0,107.0,6.0,29.0,26.0,0.0,41.0,0.0,0.0,65.0,14.0,55.0,15.0,0.0,55.0,760.0,116.0,0.0,13.0,10.0,0.0,89.0,0.0,0.0,0.0,160.0,66.0,1.0,0.0,181.0,815.0,58.0,8.0,6.0,63.0,153.0,0.0,2018-04-01
2018-05-01,64.0,19.0,135.0,15.0,0.0,0.0,0.0,0.0,0.0,95.0,0.0,0.0,0.0,18.0,0.0,0.0,1.0,1.0,101.0,52.0,3.0,0.0,37.0,181.0,43.0,59.0,0.0,44.0,0.0,0.0,2.0,0.0,16.0,141.0,15.0,0.0,11.0,120.0,0.0,0.0,271.0,824.0,388.0,13.0,0.0,14.0,0.0,0.0,141.0,25.0,112.0,24.0,101.0,118.0,50.0,0.0,10.0,316.0,0.0,1.0,22.0,691.0,0.0,68.0,4.0,24.0,575.0,0.0,45.0,0.0,6.0,21.0,2.0,11.0,216.0,0.0,75.0,2.0,0.0,4.0,235.0,0.0,0.0,0.0,139.0,0.0,80.0,0.0,70.0,4.0,36.0,0.0,0.0,16.0,0.0,28.0,0.0,63.0,10290.0,16.0,0.0,40.0,11.0,23.0,0.0,33.0,0.0,0.0,386.0,413.0,0.0,48.0,0.0,40.0,19.0,273.0,188.0,24.0,29.0,0.0,751.0,21.0,8.0,0.0,0.0,4.0,0.0,18.0,12.0,18.0,0.0,17.0,0.0,1941.0,0.0,4.0,0.0,0.0,0.0,0.0,104.0,0.0,0.0,0.0,5.0,66.0,23.0,0.0,0.0,0.0,5.0,20.0,0.0,9.0,287.0,0.0,0.0,0.0,79.0,0.0,11.0,0.0,202.0,0.0,10.0,153.0,0.0,0.0,0.0,5.0,0.0,18.0,0.0,22.0,14.0,0.0,9.0,7.0,0.0,12.0,9.0,1290.0,26.0,2015.0,60.0,121.0,0.0,140.0,23.0,0.0,0.0,6.0,0.0,57.0,1.0,1.0,0.0,0.0,6.0,24.0,3.0,0.0,0.0,3.0,0.0,11.0,18.0,91.0,64.0,0.0,57.0,272.0,0.0,154.0,91.0,0.0,152.0,0.0,0.0,145.0,0.0,0.0,6.0,38.0,0.0,0.0,3.0,0.0,0.0,2.0,21.0,0.0,91.0,195.0,180.0,13.0,40.0,23.0,0.0,15.0,0.0,46.0,61.0,0.0,38.0,0.0,45.0,0.0,79.0,90.0,5.0,121.0,27.0,0.0,35.0,0.0,0.0,62.0,14.0,62.0,13.0,0.0,25.0,745.0,86.0,0.0,12.0,8.0,0.0,80.0,0.0,0.0,0.0,140.0,25.0,0.0,0.0,148.0,761.0,60.0,9.0,6.0,115.0,150.0,0.0,2018-05-01
2018-06-01,59.0,12.0,168.0,18.0,0.0,0.0,0.0,0.0,0.0,88.0,0.0,0.0,0.0,26.0,0.0,0.0,1.0,1.0,119.0,54.0,3.0,10.0,23.0,173.0,42.0,56.0,0.0,46.0,0.0,0.0,2.0,0.0,18.0,247.0,16.0,0.0,12.0,132.0,0.0,0.0,101.0,834.0,386.0,16.0,0.0,21.0,0.0,0.0,190.0,27.0,118.0,55.0,41.0,143.0,60.0,0.0,11.0,420.0,0.0,1.0,25.0,531.0,0.0,200.0,4.0,17.0,585.0,0.0,44.0,0.0,6.0,43.0,2.0,12.0,146.0,0.0,68.0,1.0,0.0,4.0,213.0,0.0,0.0,0.0,177.0,0.0,169.0,0.0,42.0,2.0,34.0,0.0,0.0,14.0,0.0,26.0,0.0,106.0,9454.0,19.0,0.0,29.0,11.0,28.0,0.0,41.0,0.0,0.0,118.0,430.0,0.0,59.0,0.0,44.0,20.0,239.0,201.0,28.0,35.0,0.0,832.0,17.0,8.0,0.0,214.0,9.0,0.0,27.0,12.0,41.0,0.0,3.0,0.0,1845.0,0.0,4.0,0.0,0.0,0.0,1.0,93.0,0.0,0.0,0.0,4.0,56.0,2.0,0.0,0.0,0.0,6.0,19.0,0.0,7.0,325.0,0.0,0.0,0.0,84.0,0.0,11.0,0.0,221.0,1.0,15.0,172.0,0.0,0.0,0.0,6.0,0.0,17.0,0.0,17.0,32.0,0.0,11.0,13.0,0.0,14.0,9.0,1116.0,21.0,1905.0,99.0,111.0,1.0,355.0,17.0,0.0,0.0,9.0,0.0,59.0,2.0,1.0,0.0,0.0,21.0,3.0,676.0,0.0,0.0,8.0,0.0,16.0,23.0,86.0,38.0,0.0,76.0,295.0,0.0,155.0,119.0,0.0,143.0,0.0,0.0,114.0,0.0,0.0,5.0,32.0,0.0,0.0,5.0,0.0,0.0,2.0,21.0,0.0,85.0,94.0,83.0,14.0,40.0,29.0,0.0,13.0,0.0,34.0,70.0,0.0,39.0,0.0,45.0,0.0,112.0,94.0,7.0,72.0,46.0,0.0,32.0,0.0,0.0,79.0,8.0,61.0,18.0,0.0,23.0,848.0,130.0,0.0,12.0,9.0,0.0,85.0,0.0,127.0,0.0,206.0,26.0,0.0,0.0,133.0,700.0,56.0,24.0,6.0,166.0,153.0,0.0,2018-06-01
2018-07-01,65.0,8.0,197.0,20.0,0.0,0.0,0.0,0.0,0.0,96.0,0.0,0.0,0.0,24.0,0.0,0.0,3.0,1.0,111.0,46.0,2.0,7.0,20.0,170.0,37.0,52.0,0.0,47.0,0.0,0.0,1.0,0.0,19.0,259.0,17.0,0.0,12.0,154.0,0.0,0.0,66.0,930.0,401.0,18.0,0.0,22.0,0.0,0.0,79.0,28.0,130.0,67.0,24.0,30.0,37.0,0.0,13.0,545.0,0.0,1.0,23.0,488.0,0.0,150.0,5.0,20.0,590.0,0.0,39.0,0.0,7.0,33.0,2.0,56.0,198.0,0.0,74.0,1.0,1.0,5.0,183.0,0.0,0.0,0.0,160.0,0.0,137.0,0.0,35.0,2.0,42.0,0.0,0.0,19.0,0.0,29.0,0.0,83.0,10866.0,16.0,0.0,25.0,13.0,35.0,0.0,40.0,0.0,0.0,72.0,606.0,0.0,54.0,0.0,44.0,21.0,239.0,216.0,26.0,50.0,0.0,926.0,17.0,8.0,109.0,42.0,6.0,0.0,22.0,22.0,38.0,0.0,0.0,0.0,1834.0,0.0,6.0,0.0,0.0,0.0,1.0,75.0,0.0,0.0,0.0,4.0,68.0,25.0,0.0,0.0,0.0,5.0,17.0,0.0,13.0,388.0,0.0,0.0,0.0,81.0,0.0,11.0,0.0,231.0,1.0,17.0,177.0,0.0,0.0,0.0,8.0,0.0,22.0,0.0,18.0,30.0,0.0,181.0,39.0,0.0,18.0,11.0,1307.0,25.0,1950.0,115.0,123.0,1.0,152.0,20.0,0.0,0.0,13.0,0.0,62.0,4.0,2.0,0.0,0.0,16.0,0.0,212.0,0.0,0.0,7.0,0.0,22.0,28.0,94.0,8.0,0.0,89.0,337.0,0.0,138.0,144.0,0.0,154.0,0.0,0.0,105.0,0.0,0.0,6.0,38.0,0.0,0.0,5.0,0.0,0.0,2.0,19.0,0.0,89.0,77.0,22.0,11.0,44.0,30.0,0.0,14.0,0.0,29.0,66.0,0.0,44.0,0.0,57.0,5.0,92.0,99.0,8.0,60.0,36.0,0.0,34.0,0.0,0.0,86.0,8.0,64.0,16.0,0.0,28.0,909.0,125.0,0.0,14.0,11.0,0.0,83.0,0.0,18.0,0.0,366.0,26.0,0.0,0.0,135.0,839.0,61.0,12.0,5.0,123.0,166.0,0.0,2018-07-01
2018-08-01,59.0,7.0,155.0,16.0,0.0,0.0,0.0,0.0,0.0,81.0,0.0,0.0,0.0,16.0,0.0,0.0,2.0,0.0,120.0,46.0,2.0,7.0,19.0,152.0,38.0,46.0,0.0,34.0,0.0,0.0,275.0,0.0,20.0,256.0,19.0,0.0,14.0,108.0,0.0,0.0,45.0,1023.0,412.0,15.0,1.0,36.0,0.0,0.0,42.0,21.0,95.0,28.0,22.0,19.0,38.0,0.0,95.0,749.0,0.0,1.0,20.0,660.0,0.0,77.0,4.0,13.0,591.0,0.0,50.0,0.0,5.0,24.0,2.0,53.0,288.0,0.0,82.0,1.0,0.0,4.0,201.0,0.0,0.0,0.0,119.0,0.0,105.0,0.0,21.0,2.0,41.0,0.0,0.0,18.0,0.0,21.0,0.0,107.0,10991.0,16.0,0.0,22.0,15.0,34.0,0.0,42.0,0.0,0.0,78.0,619.0,0.0,46.0,0.0,45.0,27.0,313.0,176.0,24.0,66.0,0.0,929.0,16.0,7.0,22.0,11.0,6.0,0.0,16.0,11.0,22.0,0.0,1.0,0.0,1986.0,0.0,7.0,0.0,0.0,0.0,1.0,20.0,292.0,0.0,0.0,53.0,61.0,6.0,0.0,0.0,0.0,3.0,15.0,0.0,7.0,411.0,0.0,0.0,0.0,905.0,0.0,11.0,0.0,252.0,0.0,15.0,148.0,3.0,0.0,0.0,7.0,0.0,21.0,0.0,10.0,17.0,0.0,238.0,133.0,0.0,16.0,10.0,1323.0,25.0,1826.0,142.0,132.0,1.0,114.0,15.0,0.0,0.0,6.0,0.0,67.0,4.0,2.0,0.0,0.0,11.0,0.0,98.0,0.0,0.0,5.0,0.0,18.0,24.0,93.0,0.0,0.0,95.0,319.0,0.0,57.0,121.0,119.0,159.0,0.0,0.0,115.0,0.0,0.0,5.0,23.0,0.0,0.0,5.0,0.0,0.0,2.0,16.0,0.0,92.0,80.0,13.0,8.0,56.0,22.0,0.0,13.0,0.0,24.0,67.0,0.0,50.0,0.0,48.0,1.0,100.0,93.0,7.0,36.0,29.0,0.0,33.0,0.0,0.0,65.0,13.0,78.0,14.0,0.0,27.0,1105.0,96.0,0.0,13.0,10.0,0.0,80.0,0.0,8.0,0.0,293.0,14.0,0.0,0.0,154.0,1916.0,62.0,8.0,4.0,82.0,180.0,0.0,2018-08-01
2018-09-01,57.0,5.0,137.0,15.0,0.0,0.0,0.0,0.0,0.0,73.0,27.0,0.0,0.0,18.0,0.0,0.0,0.0,0.0,111.0,40.0,2.0,175.0,18.0,152.0,43.0,41.0,0.0,37.0,0.0,0.0,440.0,0.0,18.0,189.0,14.0,0.0,13.0,73.0,0.0,0.0,29.0,979.0,343.0,11.0,0.0,24.0,0.0,0.0,35.0,19.0,80.0,19.0,17.0,11.0,40.0,0.0,36.0,726.0,0.0,1.0,13.0,1512.0,0.0,125.0,3.0,38.0,599.0,0.0,43.0,100.0,5.0,22.0,2.0,25.0,196.0,0.0,80.0,0.0,0.0,4.0,99.0,226.0,0.0,0.0,175.0,0.0,93.0,0.0,19.0,2.0,41.0,0.0,0.0,13.0,0.0,24.0,0.0,88.0,10302.0,14.0,35.0,20.0,18.0,23.0,0.0,36.0,0.0,0.0,54.0,459.0,0.0,50.0,0.0,39.0,37.0,218.0,167.0,19.0,41.0,0.0,784.0,13.0,6.0,2.0,11.0,4.0,52.0,18.0,10.0,25.0,0.0,1.0,0.0,2104.0,0.0,8.0,0.0,0.0,0.0,0.0,7.0,221.0,0.0,0.0,17.0,67.0,4.0,0.0,726.0,0.0,4.0,14.0,0.0,9.0,339.0,0.0,0.0,0.0,353.0,0.0,9.0,0.0,255.0,0.0,5.0,32.0,437.0,0.0,0.0,5.0,0.0,20.0,0.0,13.0,14.0,0.0,43.0,126.0,0.0,14.0,8.0,1256.0,18.0,1512.0,154.0,101.0,0.0,305.0,12.0,0.0,0.0,6.0,0.0,80.0,3.0,2.0,0.0,0.0,7.0,0.0,28.0,0.0,0.0,3.0,0.0,15.0,18.0,98.0,131.0,0.0,81.0,335.0,0.0,50.0,104.0,352.0,140.0,0.0,1.0,80.0,0.0,193.0,5.0,25.0,0.0,0.0,3.0,0.0,0.0,1.0,16.0,0.0,89.0,57.0,12.0,11.0,45.0,21.0,0.0,12.0,0.0,22.0,73.0,0.0,68.0,0.0,43.0,5.0,93.0,79.0,5.0,29.0,25.0,0.0,30.0,0.0,0.0,67.0,12.0,75.0,11.0,0.0,26.0,1084.0,80.0,0.0,11.0,11.0,0.0,79.0,0.0,5.0,0.0,182.0,21.0,0.0,0.0,153.0,1827.0,59.0,6.0,6.0,69.0,174.0,0.0,2018-09-01
2018-10-01,62.0,4.0,138.0,30.0,0.0,0.0,0.0,0.0,0.0,70.0,264.0,0.0,361.0,19.0,0.0,0.0,0.0,0.0,98.0,33.0,1.0,4.0,19.0,140.0,38.0,47.0,0.0,31.0,0.0,0.0,2339.0,0.0,16.0,120.0,9.0,0.0,7.0,38.0,0.0,0.0,33.0,969.0,0.0,9.0,0.0,16.0,0.0,0.0,36.0,18.0,81.0,22.0,14.0,14.0,36.0,0.0,20.0,664.0,0.0,1.0,10.0,789.0,0.0,108.0,3.0,29.0,608.0,0.0,41.0,34.0,7.0,19.0,2.0,17.0,150.0,0.0,81.0,0.0,0.0,3.0,20.0,474.0,0.0,0.0,156.0,0.0,114.0,35.0,13.0,2.0,38.0,0.0,0.0,10.0,0.0,20.0,0.0,83.0,8934.0,4.0,163.0,104.0,19.0,25.0,0.0,31.0,0.0,0.0,36.0,412.0,0.0,46.0,0.0,31.0,20.0,212.0,169.0,18.0,35.0,0.0,0.0,12.0,5.0,0.0,7.0,5.0,596.0,33.0,12.0,26.0,0.0,1.0,0.0,2197.0,0.0,14.0,0.0,0.0,0.0,1.0,6.0,190.0,0.0,0.0,8.0,165.0,204.0,0.0,149.0,0.0,3.0,12.0,0.0,9.0,329.0,0.0,0.0,0.0,164.0,0.0,9.0,0.0,246.0,0.0,2.0,10.0,302.0,0.0,0.0,3.0,0.0,16.0,0.0,13.0,13.0,0.0,22.0,127.0,0.0,25.0,14.0,1140.0,17.0,1238.0,155.0,92.0,1.0,157.0,10.0,0.0,0.0,5.0,0.0,78.0,3.0,1.0,0.0,0.0,7.0,0.0,21.0,763.0,0.0,5.0,0.0,19.0,29.0,93.0,203.0,0.0,78.0,306.0,0.0,43.0,130.0,55.0,123.0,0.0,45.0,74.0,0.0,51.0,7.0,24.0,0.0,0.0,3.0,0.0,0.0,2.0,15.0,0.0,87.0,46.0,8.0,9.0,42.0,19.0,0.0,12.0,0.0,20.0,107.0,0.0,54.0,0.0,41.0,1.0,84.0,84.0,9.0,29.0,25.0,0.0,26.0,0.0,0.0,61.0,11.0,76.0,10.0,0.0,20.0,834.0,58.0,0.0,11.0,14.0,0.0,77.0,0.0,4.0,0.0,161.0,16.0,0.0,0.0,149.0,1210.0,57.0,8.0,4.0,46.0,164.0,0.0,2018-10-01
2018-11-01,89.0,6.0,286.0,20.0,0.0,0.0,0.0,0.0,0.0,60.0,278.0,0.0,102.0,9.0,0.0,0.0,0.0,0.0,75.0,24.0,1.0,350.0,17.0,152.0,31.0,42.0,0.0,33.0,0.0,0.0,1688.0,0.0,11.0,55.0,6.0,0.0,4.0,13.0,0.0,0.0,20.0,986.0,0.0,10.0,0.0,12.0,0.0,0.0,35.0,21.0,95.0,24.0,11.0,9.0,59.0,0.0,15.0,548.0,0.0,1.0,11.0,848.0,0.0,95.0,3.0,26.0,627.0,0.0,36.0,15.0,5.0,19.0,1.0,15.0,204.0,0.0,76.0,0.0,0.0,2.0,17.0,411.0,0.0,0.0,132.0,0.0,91.0,760.0,12.0,2.0,25.0,94.0,0.0,13.0,0.0,17.0,0.0,61.0,9220.0,3.0,49.0,46.0,19.0,28.0,0.0,33.0,0.0,0.0,39.0,392.0,0.0,42.0,0.0,25.0,29.0,203.0,187.0,16.0,34.0,0.0,0.0,13.0,4.0,2.0,9.0,6.0,742.0,19.0,9.0,33.0,0.0,296.0,0.0,2314.0,0.0,8.0,0.0,0.0,0.0,1.0,7.0,187.0,0.0,0.0,5.0,130.0,85.0,0.0,87.0,0.0,3.0,12.0,0.0,6.0,340.0,0.0,0.0,0.0,140.0,0.0,10.0,0.0,255.0,0.0,4.0,11.0,294.0,0.0,0.0,4.0,0.0,16.0,0.0,13.0,13.0,0.0,22.0,149.0,0.0,16.0,0.0,1285.0,22.0,1048.0,161.0,92.0,2.0,113.0,11.0,0.0,0.0,4.0,0.0,74.0,3.0,1.0,0.0,248.0,6.0,0.0,36.0,1237.0,0.0,4.0,0.0,14.0,19.0,97.0,179.0,0.0,81.0,313.0,0.0,43.0,152.0,28.0,132.0,0.0,63.0,56.0,0.0,29.0,10.0,32.0,0.0,0.0,2.0,0.0,150.0,2.0,20.0,0.0,94.0,43.0,6.0,10.0,41.0,19.0,0.0,14.0,2.0,25.0,92.0,0.0,44.0,0.0,37.0,2.0,68.0,76.0,6.0,78.0,20.0,0.0,31.0,0.0,0.0,57.0,10.0,77.0,10.0,0.0,12.0,787.0,52.0,0.0,9.0,25.0,0.0,71.0,0.0,3.0,0.0,262.0,17.0,1.0,0.0,159.0,933.0,52.0,6.0,3.0,48.0,160.0,0.0,2018-11-01
2018-12-01,108.0,6.0,187.0,19.0,0.0,0.0,0.0,0.0,0.0,65.0,288.0,0.0,70.0,9.0,203.0,0.0,0.0,0.0,28.0,24.0,1.0,304.0,18.0,182.0,33.0,47.0,0.0,40.0,0.0,0.0,1627.0,0.0,13.0,50.0,4.0,0.0,4.0,11.0,0.0,0.0,23.0,1177.0,0.0,10.0,0.0,17.0,0.0,0.0,45.0,20.0,109.0,19.0,9.0,14.0,106.0,0.0,18.0,591.0,0.0,1.0,12.0,733.0,1.0,68.0,4.0,24.0,626.0,0.0,32.0,12.0,4.0,19.0,1.0,13.0,211.0,0.0,101.0,0.0,0.0,2.0,14.0,417.0,0.0,0.0,139.0,0.0,53.0,245.0,20.0,2.0,5.0,112.0,0.0,15.0,0.0,22.0,0.0,51.0,12149.0,3.0,54.0,25.0,20.0,30.0,0.0,42.0,0.0,0.0,60.0,447.0,0.0,40.0,9.0,27.0,48.0,254.0,148.0,17.0,38.0,0.0,0.0,15.0,4.0,1.0,13.0,6.0,921.0,24.0,11.0,57.0,0.0,157.0,0.0,2372.0,0.0,7.0,0.0,0.0,0.0,1.0,6.0,209.0,0.0,0.0,4.0,122.0,31.0,0.0,93.0,0.0,4.0,13.0,0.0,8.0,399.0,0.0,0.0,0.0,178.0,0.0,21.0,0.0,277.0,0.0,3.0,10.0,363.0,0.0,0.0,3.0,0.0,15.0,0.0,13.0,13.0,0.0,22.0,154.0,0.0,14.0,0.0,1304.0,18.0,1428.0,166.0,90.0,0.0,447.0,16.0,0.0,0.0,5.0,0.0,85.0,2.0,0.0,0.0,133.0,8.0,0.0,78.0,519.0,0.0,5.0,0.0,14.0,19.0,96.0,331.0,0.0,92.0,350.0,0.0,43.0,164.0,27.0,144.0,0.0,70.0,170.0,0.0,28.0,13.0,33.0,52.0,0.0,3.0,0.0,54.0,1.0,24.0,0.0,95.0,49.0,7.0,27.0,54.0,144.0,0.0,13.0,461.0,25.0,98.0,0.0,56.0,1.0,40.0,3.0,74.0,82.0,5.0,89.0,23.0,0.0,35.0,0.0,0.0,55.0,11.0,80.0,8.0,0.0,20.0,1003.0,70.0,0.0,10.0,16.0,0.0,67.0,0.0,4.0,0.0,225.0,23.0,1.0,0.0,207.0,779.0,71.0,7.0,4.0,40.0,174.0,0.0,2018-12-01
2019-01-01,103.0,8.0,173.0,18.0,0.0,0.0,5.0,107.0,0.0,84.0,350.0,0.0,77.0,9.0,251.0,0.0,0.0,0.0,27.0,29.0,1.0,214.0,17.0,208.0,35.0,68.0,0.0,53.0,0.0,0.0,2274.0,0.0,13.0,56.0,6.0,0.0,7.0,14.0,0.0,0.0,28.0,1415.0,0.0,13.0,0.0,18.0,0.0,0.0,80.0,34.0,175.0,29.0,8.0,14.0,82.0,0.0,21.0,663.0,0.0,1.0,16.0,612.0,0.0,233.0,5.0,33.0,735.0,0.0,40.0,15.0,7.0,26.0,1.0,17.0,422.0,0.0,95.0,0.0,0.0,2.0,13.0,478.0,0.0,0.0,190.0,0.0,46.0,110.0,24.0,4.0,5.0,69.0,0.0,18.0,0.0,21.0,0.0,64.0,13734.0,2.0,59.0,29.0,26.0,36.0,0.0,48.0,0.0,0.0,71.0,540.0,0.0,49.0,5.0,37.0,51.0,232.0,116.0,23.0,30.0,0.0,0.0,15.0,5.0,0.0,12.0,7.0,1081.0,17.0,19.0,143.0,195.0,86.0,0.0,3022.0,0.0,7.0,0.0,0.0,0.0,0.0,4.0,229.0,0.0,0.0,4.0,152.0,14.0,0.0,81.0,0.0,6.0,13.0,0.0,9.0,536.0,0.0,0.0,0.0,222.0,1.0,30.0,0.0,285.0,0.0,0.0,7.0,369.0,0.0,0.0,4.0,0.0,19.0,0.0,13.0,19.0,0.0,20.0,186.0,0.0,19.0,0.0,1605.0,21.0,1662.0,199.0,111.0,0.0,293.0,23.0,0.0,0.0,5.0,0.0,85.0,2.0,0.0,0.0,80.0,8.0,0.0,192.0,282.0,0.0,604.0,0.0,29.0,38.0,103.0,349.0,0.0,108.0,398.0,0.0,52.0,180.0,21.0,168.0,0.0,88.0,479.0,0.0,26.0,15.0,45.0,77.0,0.0,4.0,0.0,33.0,1.0,27.0,0.0,99.0,68.0,8.0,13.0,52.0,135.0,0.0,16.0,270.0,30.0,93.0,0.0,55.0,0.0,61.0,2.0,94.0,107.0,6.0,102.0,29.0,0.0,57.0,0.0,0.0,70.0,14.0,83.0,12.0,0.0,22.0,1243.0,126.0,0.0,13.0,16.0,0.0,86.0,0.0,5.0,0.0,208.0,25.0,0.0,0.0,208.0,946.0,80.0,8.0,6.0,39.0,187.0,0.0,2019-01-01
2019-02-01,72.0,9.0,138.0,20.0,0.0,0.0,19.0,612.0,8316.0,87.0,352.0,0.0,47.0,7.0,94.0,0.0,0.0,0.0,22.0,26.0,1.0,107.0,12.0,168.0,33.0,52.0,0.0,64.0,0.0,0.0,1313.0,0.0,10.0,47.0,6.0,0.0,7.0,11.0,0.0,0.0,19.0,1110.0,0.0,10.0,0.0,13.0,0.0,0.0,55.0,30.0,128.0,29.0,4.0,11.0,55.0,0.0,15.0,536.0,0.0,1.0,14.0,383.0,3.0,128.0,3.0,27.0,786.0,0.0,43.0,10.0,6.0,25.0,2.0,14.0,244.0,0.0,93.0,0.0,0.0,2.0,11.0,383.0,0.0,0.0,203.0,0.0,39.0,54.0,33.0,4.0,4.0,55.0,0.0,14.0,0.0,17.0,0.0,122.0,10787.0,2.0,41.0,24.0,24.0,28.0,0.0,43.0,0.0,0.0,42.0,530.0,0.0,43.0,2.0,27.0,39.0,186.0,91.0,18.0,24.0,0.0,0.0,12.0,3.0,0.0,7.0,4.0,1093.0,11.0,16.0,32.0,277.0,51.0,0.0,2651.0,0.0,7.0,0.0,0.0,0.0,0.0,3.0,210.0,0.0,0.0,5.0,129.0,8.0,0.0,39.0,0.0,6.0,11.0,213.0,5.0,495.0,0.0,0.0,0.0,160.0,1.0,22.0,0.0,298.0,0.0,0.0,7.0,330.0,0.0,0.0,5.0,0.0,18.0,0.0,12.0,15.0,0.0,13.0,167.0,0.0,15.0,0.0,1069.0,15.0,1176.0,183.0,81.0,0.0,110.0,16.0,0.0,0.0,5.0,0.0,86.0,2.0,0.0,0.0,46.0,5.0,0.0,213.0,155.0,0.0,590.0,0.0,17.0,21.0,111.0,129.0,0.0,99.0,347.0,0.0,52.0,139.0,16.0,154.0,0.0,91.0,321.0,0.0,25.0,40.0,33.0,57.0,0.0,3.0,33.0,17.0,1.0,21.0,0.0,90.0,60.0,7.0,9.0,44.0,90.0,0.0,14.0,173.0,26.0,97.0,0.0,53.0,0.0,49.0,1.0,94.0,94.0,4.0,70.0,25.0,0.0,46.0,0.0,0.0,66.0,11.0,84.0,20.0,0.0,21.0,938.0,115.0,135.0,11.0,12.0,0.0,76.0,0.0,3.0,0.0,157.0,24.0,0.0,0.0,187.0,1012.0,70.0,7.0,4.0,27.0,184.0,114.0,2019-02-01
2019-03-01,65.0,10.0,153.0,20.0,0.0,0.0,1.0,220.0,5096.0,85.0,369.0,0.0,48.0,8.0,33.0,90.0,0.0,0.0,22.0,28.0,1.0,185.0,8.0,186.0,41.0,59.0,0.0,67.0,0.0,0.0,1111.0,0.0,14.0,58.0,7.0,0.0,140.0,13.0,0.0,0.0,46.0,1229.0,0.0,10.0,0.0,14.0,0.0,0.0,54.0,29.0,126.0,35.0,3.0,12.0,58.0,0.0,16.0,538.0,0.0,2.0,15.0,449.0,340.0,72.0,4.0,26.0,758.0,0.0,34.0,11.0,6.0,21.0,1.0,14.0,217.0,0.0,100.0,0.0,0.0,2.0,11.0,362.0,0.0,0.0,211.0,0.0,44.0,59.0,22.0,4.0,4.0,47.0,0.0,15.0,0.0,23.0,0.0,79.0,11269.0,2.0,39.0,25.0,25.0,29.0,0.0,47.0,0.0,0.0,39.0,720.0,0.0,46.0,2.0,31.0,46.0,177.0,98.0,18.0,30.0,0.0,0.0,12.0,3.0,0.0,6.0,3.0,1182.0,15.0,13.0,15.0,38.0,39.0,0.0,2646.0,0.0,5.0,0.0,0.0,0.0,0.0,2.0,170.0,0.0,0.0,4.0,108.0,8.0,0.0,33.0,0.0,5.0,10.0,80.0,5.0,527.0,0.0,0.0,0.0,97.0,16.0,20.0,0.0,323.0,0.0,0.0,6.0,324.0,0.0,0.0,5.0,0.0,19.0,0.0,15.0,18.0,0.0,16.0,165.0,0.0,17.0,0.0,1081.0,15.0,1097.0,186.0,83.0,0.0,376.0,18.0,0.0,0.0,4.0,0.0,86.0,2.0,1.0,0.0,48.0,6.0,0.0,110.0,128.0,0.0,153.0,0.0,12.0,14.0,118.0,84.0,55.0,116.0,357.0,0.0,48.0,146.0,14.0,173.0,169.0,99.0,246.0,633.0,19.0,32.0,27.0,53.0,0.0,4.0,29.0,14.0,1.0,27.0,0.0,95.0,78.0,10.0,10.0,42.0,53.0,0.0,15.0,157.0,25.0,101.0,0.0,57.0,0.0,48.0,1.0,99.0,92.0,3.0,57.0,24.0,0.0,52.0,0.0,0.0,68.0,10.0,93.0,26.0,0.0,21.0,1066.0,65.0,962.0,10.0,11.0,0.0,75.0,0.0,5.0,0.0,186.0,27.0,2.0,0.0,167.0,959.0,69.0,7.0,3.0,88.0,195.0,0.0,2019-03-01
2019-04-01,59.0,8.0,160.0,17.0,0.0,0.0,120.0,40.0,2795.0,80.0,374.0,0.0,47.0,12.0,46.0,197.0,1.0,0.0,22.0,31.0,1.0,174.0,4.0,177.0,37.0,49.0,0.0,169.0,0.0,0.0,1183.0,0.0,15.0,64.0,7.0,0.0,50.0,13.0,0.0,0.0,158.0,1176.0,0.0,17.0,0.0,14.0,0.0,0.0,45.0,24.0,96.0,23.0,4.0,19.0,82.0,157.0,17.0,560.0,0.0,1.0,15.0,385.0,57.0,66.0,4.0,21.0,626.0,0.0,33.0,7.0,7.0,21.0,1.0,57.0,306.0,0.0,89.0,0.0,0.0,3.0,10.0,343.0,0.0,0.0,224.0,0.0,44.0,54.0,14.0,3.0,3.0,47.0,0.0,25.0,0.0,19.0,0.0,67.0,10482.0,2.0,44.0,28.0,28.0,30.0,0.0,46.0,0.0,0.0,41.0,1011.0,0.0,47.0,1.0,32.0,48.0,272.0,109.0,18.0,32.0,0.0,0.0,12.0,4.0,0.0,8.0,2.0,1200.0,17.0,11.0,12.0,24.0,31.0,0.0,2752.0,0.0,4.0,0.0,12.0,0.0,0.0,1.0,128.0,0.0,0.0,4.0,142.0,7.0,0.0,31.0,0.0,4.0,9.0,25.0,5.0,597.0,0.0,0.0,0.0,116.0,182.0,22.0,0.0,326.0,0.0,0.0,6.0,314.0,0.0,0.0,5.0,0.0,17.0,0.0,12.0,11.0,0.0,20.0,160.0,0.0,15.0,0.0,1095.0,17.0,1177.0,184.0,88.0,0.0,229.0,24.0,0.0,0.0,6.0,0.0,73.0,2.0,1.0,0.0,42.0,7.0,0.0,107.0,101.0,0.0,75.0,0.0,9.0,14.0,121.0,74.0,239.0,133.0,366.0,0.0,46.0,145.0,19.0,179.0,87.0,105.0,166.0,505.0,16.0,18.0,19.0,53.0,0.0,3.0,15.0,11.0,2.0,32.0,0.0,95.0,75.0,13.0,9.0,43.0,34.0,0.0,12.0,149.0,27.0,98.0,0.0,54.0,0.0,52.0,0.0,118.0,94.0,3.0,49.0,26.0,0.0,43.0,0.0,0.0,67.0,8.0,99.0,17.0,0.0,15.0,1014.0,20.0,505.0,10.0,11.0,0.0,75.0,0.0,6.0,0.0,185.0,17.0,4.0,184.0,163.0,878.0,75.0,6.0,3.0,21.0,194.0,0.0,2019-04-01
2019-05-01,63.0,5.0,152.0,18.0,0.0,0.0,38.0,17.0,1848.0,76.0,371.0,0.0,45.0,12.0,41.0,182.0,30.0,1.0,23.0,31.0,2.0,96.0,4.0,174.0,36.0,40.0,0.0,94.0,1.0,0.0,1104.0,0.0,13.0,62.0,6.0,0.0,28.0,12.0,0.0,2.0,86.0,1157.0,0.0,14.0,0.0,16.0,0.0,0.0,45.0,26.0,100.0,23.0,4.0,292.0,93.0,266.0,15.0,572.0,0.0,1.0,15.0,404.0,22.0,202.0,4.0,29.0,660.0,0.0,30.0,8.0,9.0,19.0,1.0,31.0,293.0,0.0,82.0,0.0,0.0,2.0,11.0,355.0,0.0,0.0,252.0,0.0,49.0,51.0,12.0,3.0,3.0,47.0,0.0,25.0,0.0,18.0,0.0,65.0,9153.0,2.0,42.0,26.0,23.0,28.0,0.0,46.0,0.0,0.0,38.0,994.0,0.0,53.0,4.0,30.0,42.0,232.0,112.0,16.0,42.0,0.0,0.0,12.0,2.0,0.0,6.0,2.0,1204.0,15.0,10.0,10.0,22.0,25.0,0.0,2853.0,0.0,4.0,0.0,241.0,0.0,0.0,1.0,110.0,0.0,0.0,4.0,151.0,9.0,0.0,32.0,0.0,3.0,10.0,16.0,5.0,768.0,0.0,0.0,0.0,170.0,185.0,7.0,0.0,325.0,0.0,0.0,5.0,302.0,0.0,0.0,4.0,0.0,16.0,0.0,15.0,10.0,2.0,20.0,153.0,0.0,14.0,0.0,1135.0,20.0,1318.0,140.0,88.0,0.0,175.0,30.0,0.0,0.0,7.0,0.0,76.0,3.0,1.0,0.0,40.0,8.0,0.0,102.0,124.0,0.0,54.0,0.0,13.0,14.0,125.0,62.0,65.0,110.0,380.0,0.0,44.0,138.0,22.0,165.0,46.0,101.0,283.0,126.0,13.0,15.0,18.0,65.0,0.0,4.0,11.0,10.0,1.0,29.0,0.0,92.0,66.0,13.0,14.0,36.0,28.0,0.0,12.0,118.0,27.0,93.0,0.0,52.0,0.0,51.0,0.0,152.0,97.0,3.0,47.0,24.0,0.0,40.0,0.0,0.0,61.0,7.0,103.0,13.0,0.0,43.0,1006.0,16.0,189.0,10.0,10.0,0.0,74.0,0.0,5.0,0.0,161.0,17.0,1.0,82.0,170.0,959.0,71.0,5.0,3.0,13.0,190.0,0.0,2019-05-01
2019-06-01,63.0,6.0,192.0,33.0,0.0,0.0,11.0,11.0,1631.0,71.0,364.0,0.0,43.0,9.0,29.0,114.0,173.0,0.0,24.0,31.0,1.0,98.0,4.0,195.0,34.0,34.0,117.0,203.0,0.0,0.0,1092.0,0.0,17.0,70.0,7.0,0.0,32.0,14.0,0.0,3.0,45.0,1171.0,0.0,11.0,0.0,28.0,0.0,0.0,49.0,25.0,97.0,26.0,3.0,360.0,190.0,69.0,12.0,633.0,0.0,1.0,12.0,708.0,18.0,121.0,4.0,26.0,613.0,152.0,24.0,7.0,6.0,28.0,1.0,38.0,244.0,0.0,76.0,0.0,0.0,2.0,10.0,319.0,0.0,0.0,351.0,0.0,51.0,118.0,10.0,2.0,3.0,42.0,0.0,18.0,0.0,15.0,0.0,47.0,8057.0,2.0,56.0,27.0,20.0,31.0,0.0,59.0,0.0,0.0,34.0,974.0,0.0,45.0,3.0,33.0,43.0,181.0,105.0,16.0,53.0,0.0,0.0,10.0,1.0,0.0,10.0,2.0,1263.0,16.0,15.0,10.0,16.0,17.0,0.0,2757.0,0.0,3.0,0.0,70.0,0.0,0.0,1.0,80.0,0.0,0.0,4.0,107.0,16.0,0.0,40.0,0.0,3.0,11.0,27.0,5.0,944.0,0.0,0.0,0.0,164.0,89.0,4.0,0.0,344.0,0.0,0.0,4.0,327.0,0.0,0.0,3.0,0.0,16.0,0.0,12.0,9.0,0.0,19.0,140.0,0.0,16.0,0.0,1064.0,19.0,1252.0,124.0,85.0,0.0,509.0,21.0,0.0,0.0,7.0,0.0,67.0,3.0,1.0,0.0,47.0,8.0,0.0,111.0,109.0,0.0,42.0,0.0,11.0,13.0,118.0,56.0,36.0,132.0,380.0,0.0,41.0,167.0,25.0,147.0,35.0,99.0,149.0,61.0,11.0,12.0,20.0,67.0,0.0,3.0,11.0,9.0,1.0,26.0,0.0,89.0,59.0,16.0,17.0,36.0,26.0,54.0,13.0,119.0,22.0,94.0,406.0,54.0,2.0,62.0,0.0,143.0,94.0,3.0,45.0,24.0,0.0,60.0,0.0,0.0,78.0,29.0,110.0,13.0,0.0,26.0,1265.0,15.0,138.0,10.0,11.0,0.0,75.0,0.0,6.0,0.0,145.0,17.0,2.0,36.0,153.0,901.0,68.0,5.0,3.0,10.0,192.0,0.0,2019-06-01
2019-07-01,73.0,5.0,210.0,31.0,1.0,0.0,6.0,8.0,2233.0,73.0,360.0,0.0,45.0,7.0,21.0,33.0,58.0,0.0,23.0,31.0,2.0,81.0,3.0,196.0,28.0,32.0,45.0,106.0,0.0,0.0,1152.0,0.0,16.0,72.0,7.0,0.0,25.0,14.0,0.0,0.0,36.0,1230.0,0.0,12.0,0.0,23.0,0.0,0.0,49.0,26.0,99.0,21.0,1.0,95.0,187.0,36.0,12.0,593.0,0.0,1.0,11.0,629.0,13.0,58.0,5.0,27.0,621.0,148.0,24.0,5.0,6.0,24.0,1.0,19.0,219.0,0.0,89.0,0.0,0.0,2.0,9.0,248.0,0.0,0.0,453.0,0.0,51.0,54.0,11.0,3.0,4.0,46.0,0.0,15.0,0.0,14.0,70.0,43.0,7678.0,2.0,41.0,42.0,24.0,34.0,27.0,49.0,0.0,0.0,28.0,1214.0,0.0,37.0,0.0,32.0,37.0,130.0,89.0,14.0,63.0,0.0,0.0,9.0,1.0,0.0,8.0,2.0,1264.0,13.0,17.0,9.0,9.0,11.0,0.0,2427.0,0.0,6.0,0.0,31.0,0.0,0.0,1.0,56.0,41.0,0.0,4.0,106.0,7.0,0.0,41.0,0.0,4.0,13.0,16.0,8.0,1475.0,0.0,0.0,0.0,189.0,64.0,4.0,0.0,331.0,0.0,0.0,4.0,314.0,0.0,0.0,4.0,0.0,16.0,0.0,11.0,10.0,0.0,24.0,138.0,0.0,17.0,0.0,1081.0,25.0,1300.0,123.0,91.0,0.0,273.0,17.0,0.0,0.0,6.0,0.0,71.0,3.0,1.0,0.0,42.0,15.0,0.0,102.0,88.0,0.0,42.0,0.0,14.0,14.0,111.0,47.0,29.0,139.0,380.0,0.0,40.0,215.0,38.0,138.0,49.0,91.0,122.0,46.0,12.0,12.0,20.0,61.0,0.0,7.0,5.0,7.0,1.0,25.0,0.0,84.0,62.0,11.0,10.0,36.0,28.0,255.0,9.0,113.0,27.0,76.0,1383.0,57.0,2.0,58.0,0.0,101.0,86.0,4.0,49.0,21.0,0.0,56.0,0.0,0.0,94.0,34.0,104.0,12.0,0.0,21.0,1215.0,14.0,93.0,8.0,11.0,0.0,73.0,0.0,7.0,0.0,205.0,14.0,3.0,15.0,143.0,948.0,68.0,6.0,3.0,8.0,193.0,0.0,2019-07-01
2019-08-01,67.0,7.0,182.0,19.0,2.0,0.0,11.0,18.0,1897.0,67.0,362.0,0.0,40.0,7.0,17.0,19.0,20.0,0.0,25.0,35.0,2.0,82.0,3.0,192.0,26.0,36.0,13.0,82.0,1.0,0.0,998.0,0.0,14.0,61.0,7.0,1.0,35.0,16.0,79.0,0.0,29.0,1312.0,0.0,10.0,1.0,23.0,0.0,0.0,49.0,24.0,94.0,18.0,1.0,57.0,166.0,25.0,14.0,601.0,0.0,2.0,11.0,576.0,17.0,103.0,5.0,19.0,655.0,85.0,34.0,8.0,6.0,27.0,1.0,15.0,220.0,0.0,85.0,0.0,0.0,2.0,7.0,210.0,0.0,0.0,418.0,0.0,56.0,45.0,9.0,2.0,3.0,52.0,0.0,13.0,0.0,12.0,139.0,75.0,7317.0,1.0,37.0,29.0,24.0,29.0,0.0,58.0,0.0,0.0,28.0,1194.0,0.0,38.0,2.0,31.0,37.0,165.0,95.0,14.0,103.0,0.0,0.0,10.0,1.0,0.0,6.0,2.0,1349.0,12.0,17.0,9.0,8.0,15.0,0.0,2661.0,0.0,4.0,0.0,17.0,0.0,0.0,1.0,7.0,276.0,0.0,4.0,89.0,5.0,0.0,34.0,0.0,3.0,13.0,18.0,6.0,1751.0,0.0,0.0,0.0,206.0,59.0,3.0,0.0,339.0,0.0,0.0,2.0,203.0,8.0,0.0,3.0,0.0,14.0,0.0,14.0,7.0,0.0,163.0,125.0,0.0,17.0,0.0,1208.0,18.0,1412.0,113.0,97.0,0.0,109.0,16.0,0.0,0.0,5.0,0.0,70.0,4.0,1.0,0.0,35.0,11.0,0.0,88.0,88.0,264.0,39.0,0.0,18.0,14.0,117.0,54.0,20.0,132.0,356.0,0.0,40.0,206.0,33.0,133.0,28.0,89.0,120.0,37.0,11.0,10.0,22.0,72.0,0.0,2.0,4.0,7.0,1.0,26.0,0.0,86.0,50.0,8.0,8.0,47.0,33.0,133.0,9.0,116.0,22.0,75.0,725.0,68.0,0.0,47.0,0.0,87.0,86.0,5.0,41.0,22.0,0.0,48.0,0.0,0.0,82.0,14.0,97.0,15.0,0.0,18.0,1174.0,13.0,73.0,9.0,10.0,0.0,73.0,0.0,5.0,0.0,180.0,33.0,0.0,12.0,154.0,2145.0,77.0,6.0,2.0,7.0,196.0,0.0,2019-08-01
2019-09-01,58.0,5.0,144.0,18.0,2.0,0.0,10.0,10.0,1505.0,60.0,352.0,0.0,37.0,5.0,9.0,14.0,6.0,0.0,19.0,30.0,1.0,72.0,2.0,176.0,28.0,28.0,8.0,68.0,1085.0,0.0,740.0,0.0,11.0,49.0,5.0,1.0,26.0,13.0,604.0,90.0,26.0,1271.0,0.0,7.0,1.0,13.0,0.0,0.0,39.0,20.0,81.0,13.0,1.0,55.0,119.0,19.0,14.0,678.0,0.0,1.0,10.0,447.0,13.0,81.0,3.0,17.0,624.0,47.0,31.0,9.0,3.0,23.0,0.0,12.0,215.0,0.0,80.0,0.0,0.0,2.0,6.0,87.0,270.0,0.0,230.0,0.0,40.0,36.0,10.0,3.0,2.0,51.0,0.0,12.0,0.0,11.0,43.0,44.0,4897.0,1.0,34.0,25.0,32.0,21.0,379.0,22.0,0.0,0.0,22.0,895.0,0.0,44.0,0.0,28.0,29.0,137.0,76.0,12.0,115.0,0.0,0.0,10.0,1.0,0.0,6.0,1.0,1350.0,9.0,16.0,8.0,7.0,31.0,0.0,2750.0,0.0,4.0,0.0,14.0,0.0,0.0,1.0,5.0,205.0,0.0,3.0,91.0,3.0,0.0,22.0,0.0,2.0,10.0,10.0,4.0,1405.0,0.0,0.0,0.0,392.0,39.0,3.0,0.0,318.0,0.0,0.0,1.0,42.0,454.0,0.0,4.0,0.0,13.0,0.0,11.0,8.0,0.0,52.0,106.0,0.0,13.0,0.0,981.0,13.0,1159.0,95.0,86.0,0.0,293.0,14.0,0.0,0.0,5.0,17.0,78.0,4.0,1.0,0.0,29.0,6.0,0.0,74.0,153.0,112.0,32.0,0.0,13.0,12.0,114.0,43.0,42.0,102.0,347.0,0.0,35.0,160.0,27.0,121.0,16.0,86.0,134.0,28.0,10.0,10.0,24.0,95.0,0.0,4.0,3.0,37.0,1.0,24.0,0.0,78.0,47.0,7.0,7.0,34.0,23.0,80.0,8.0,118.0,19.0,77.0,388.0,72.0,0.0,38.0,0.0,80.0,66.0,3.0,44.0,26.0,0.0,36.0,100.0,0.0,64.0,7.0,96.0,10.0,86.0,19.0,1187.0,13.0,47.0,8.0,11.0,0.0,66.0,0.0,5.0,0.0,136.0,12.0,0.0,11.0,149.0,3148.0,77.0,4.0,2.0,2.0,187.0,0.0,2019-09-01
2019-10-01,131.0,4.0,119.0,17.0,1.0,0.0,6.0,6.0,2312.0,57.0,375.0,0.0,27.0,5.0,37.0,14.0,4.0,0.0,17.0,25.0,1.0,86.0,2.0,144.0,25.0,36.0,8.0,21.0,274.0,0.0,584.0,0.0,13.0,43.0,5.0,132.0,22.0,19.0,1021.0,180.0,30.0,1255.0,0.0,8.0,1.0,14.0,0.0,0.0,35.0,18.0,74.0,16.0,1.0,50.0,118.0,15.0,11.0,638.0,0.0,1.0,6.0,1422.0,10.0,52.0,4.0,18.0,604.0,42.0,27.0,21.0,4.0,23.0,0.0,10.0,298.0,0.0,104.0,0.0,0.0,2.0,6.0,19.0,569.0,0.0,205.0,0.0,41.0,33.0,8.0,2.0,2.0,57.0,0.0,10.0,0.0,10.0,23.0,40.0,5294.0,1.0,34.0,29.0,36.0,22.0,97.0,5.0,0.0,0.0,28.0,801.0,0.0,37.0,2.0,23.0,30.0,129.0,85.0,10.0,75.0,0.0,0.0,9.0,1.0,0.0,4.0,2.0,1466.0,14.0,10.0,8.0,6.0,72.0,0.0,2967.0,89.0,4.0,0.0,10.0,0.0,0.0,0.0,4.0,177.0,0.0,3.0,105.0,2.0,0.0,18.0,0.0,2.0,9.0,10.0,4.0,982.0,0.0,0.0,0.0,238.0,45.0,3.0,0.0,322.0,0.0,0.0,1.0,15.0,285.0,0.0,3.0,0.0,11.0,0.0,11.0,8.0,0.0,19.0,110.0,0.0,23.0,0.0,917.0,13.0,1108.0,93.0,76.0,0.0,145.0,13.0,0.0,0.0,6.0,12.0,68.0,4.0,1.0,1.0,39.0,6.0,0.0,64.0,130.0,18.0,45.0,0.0,16.0,20.0,118.0,37.0,25.0,98.0,366.0,0.0,35.0,153.0,27.0,122.0,14.0,92.0,136.0,25.0,8.0,12.0,18.0,93.0,0.0,3.0,8.0,26.0,1.0,22.0,0.0,74.0,48.0,8.0,8.0,34.0,23.0,72.0,10.0,106.0,15.0,83.0,320.0,58.0,0.0,35.0,0.0,72.0,64.0,7.0,40.0,112.0,0.0,33.0,47.0,202.0,54.0,9.0,88.0,8.0,187.0,8.0,956.0,12.0,56.0,9.0,10.0,0.0,71.0,0.0,6.0,0.0,110.0,11.0,1.0,19.0,149.0,1675.0,79.0,3.0,2.0,4.0,179.0,0.0,2019-10-01
2019-11-01,136.0,6.0,134.0,19.0,0.0,0.0,4.0,8.0,1501.0,51.0,348.0,0.0,24.0,4.0,53.0,11.0,1.0,0.0,16.0,21.0,1.0,96.0,3.0,130.0,22.0,31.0,6.0,14.0,104.0,0.0,276.0,0.0,10.0,39.0,5.0,53.0,6.0,9.0,1970.0,37.0,28.0,1238.0,0.0,9.0,1.0,15.0,0.0,0.0,39.0,20.0,81.0,19.0,2.0,32.0,111.0,14.0,12.0,654.0,446.0,1.0,6.0,710.0,11.0,170.0,4.0,19.0,595.0,33.0,24.0,9.0,4.0,21.0,1.0,10.0,547.0,0.0,99.0,0.0,0.0,2.0,6.0,16.0,455.0,0.0,295.0,0.0,45.0,29.0,8.0,2.0,2.0,57.0,0.0,10.0,0.0,10.0,14.0,60.0,4908.0,1.0,35.0,25.0,49.0,23.0,53.0,4.0,0.0,0.0,32.0,788.0,0.0,35.0,1.0,22.0,31.0,233.0,88.0,12.0,48.0,0.0,0.0,8.0,1.0,0.0,5.0,1.0,1484.0,10.0,10.0,8.0,7.0,134.0,0.0,2957.0,54.0,4.0,0.0,9.0,0.0,0.0,1.0,5.0,174.0,0.0,3.0,86.0,2.0,0.0,18.0,0.0,3.0,10.0,9.0,7.0,858.0,0.0,0.0,0.0,141.0,38.0,3.0,0.0,321.0,0.0,0.0,1.0,20.0,253.0,0.0,3.0,125.0,10.0,0.0,10.0,59.0,12.0,14.0,120.0,0.0,17.0,0.0,983.0,19.0,1033.0,102.0,84.0,0.0,107.0,12.0,7.0,0.0,4.0,109.0,72.0,3.0,1.0,697.0,27.0,5.0,0.0,49.0,467.0,19.0,41.0,0.0,13.0,14.0,117.0,26.0,16.0,112.0,354.0,0.0,36.0,163.0,21.0,134.0,13.0,94.0,171.0,26.0,10.0,15.0,16.0,91.0,0.0,2.0,6.0,20.0,1.0,23.0,419.0,76.0,60.0,7.0,8.0,36.0,30.0,53.0,8.0,117.0,15.0,77.0,344.0,53.0,0.0,48.0,0.0,69.0,69.0,4.0,44.0,45.0,0.0,29.0,12.0,183.0,58.0,8.0,96.0,9.0,31.0,4.0,874.0,10.0,40.0,8.0,10.0,0.0,72.0,0.0,5.0,0.0,137.0,13.0,1.0,14.0,155.0,1320.0,75.0,4.0,1.0,4.0,174.0,0.0,2019-11-01
2019-12-01,106.0,6.0,152.0,26.0,0.0,0.0,16.0,10.0,1415.0,53.0,355.0,0.0,27.0,7.0,48.0,9.0,0.0,0.0,16.0,20.0,1.0,78.0,3.0,163.0,22.0,37.0,6.0,11.0,81.0,0.0,333.0,0.0,11.0,49.0,6.0,43.0,5.0,6.0,1311.0,34.0,55.0,1316.0,0.0,11.0,1.0,17.0,0.0,0.0,45.0,24.0,99.0,17.0,4.0,47.0,157.0,22.0,12.0,643.0,96.0,1.0,6.0,611.0,17.0,124.0,4.0,25.0,564.0,19.0,33.0,7.0,5.0,23.0,0.0,10.0,581.0,0.0,126.0,0.0,0.0,2.0,5.0,10.0,409.0,0.0,252.0,0.0,46.0,30.0,11.0,3.0,3.0,58.0,0.0,14.0,0.0,11.0,10.0,36.0,5191.0,1.0,48.0,24.0,50.0,26.0,51.0,3.0,0.0,0.0,44.0,1011.0,0.0,33.0,19.0,16.0,327.0,234.0,94.0,16.0,73.0,0.0,0.0,8.0,1.0,0.0,18.0,2.0,1702.0,14.0,9.0,11.0,11.0,61.0,0.0,3098.0,2.0,5.0,0.0,12.0,0.0,0.0,1.0,3.0,211.0,0.0,2.0,80.0,2.0,0.0,26.0,0.0,2.0,9.0,12.0,7.0,984.0,0.0,0.0,0.0,210.0,38.0,3.0,0.0,360.0,0.0,0.0,1.0,17.0,269.0,0.0,4.0,48.0,12.0,0.0,12.0,29.0,0.0,20.0,115.0,0.0,14.0,0.0,972.0,20.0,1042.0,106.0,85.0,0.0,436.0,13.0,2.0,0.0,4.0,34.0,75.0,2.0,0.0,392.0,3.0,5.0,0.0,47.0,328.0,21.0,88.0,0.0,16.0,15.0,121.0,21.0,40.0,132.0,418.0,0.0,36.0,195.0,23.0,137.0,13.0,98.0,209.0,62.0,12.0,21.0,19.0,92.0,0.0,3.0,4.0,14.0,1.0,53.0,152.0,80.0,112.0,8.0,6.0,55.0,38.0,64.0,9.0,101.0,15.0,77.0,311.0,64.0,0.0,80.0,0.0,77.0,80.0,4.0,62.0,34.0,0.0,37.0,7.0,46.0,138.0,7.0,104.0,26.0,25.0,3.0,1049.0,14.0,48.0,9.0,11.0,0.0,74.0,0.0,4.0,0.0,162.0,12.0,2.0,19.0,210.0,1102.0,80.0,5.0,3.0,5.0,178.0,0.0,2019-12-01
2020-01-01,112.0,6.0,197.0,26.0,1.0,0.0,11.0,10.0,1710.0,69.0,412.0,0.0,39.0,8.0,40.0,9.0,0.0,0.0,18.0,25.0,1.0,77.0,4.0,199.0,21.0,50.0,6.0,16.0,69.0,0.0,422.0,0.0,33.0,68.0,8.0,46.0,6.0,8.0,1110.0,32.0,80.0,1638.0,0.0,13.0,1.0,33.0,0.0,330.0,59.0,34.0,127.0,19.0,57.0,55.0,168.0,25.0,14.0,707.0,49.0,2.0,11.0,560.0,17.0,62.0,5.0,28.0,594.0,15.0,31.0,10.0,5.0,26.0,0.0,14.0,1403.0,0.0,119.0,0.0,0.0,2.0,5.0,11.0,477.0,0.0,235.0,0.0,51.0,32.0,14.0,3.0,3.0,72.0,0.0,19.0,0.0,15.0,17.0,42.0,5921.0,1.0,48.0,26.0,60.0,32.0,53.0,3.0,0.0,0.0,46.0,1260.0,0.0,38.0,36.0,22.0,81.0,219.0,99.0,20.0,81.0,0.0,0.0,9.0,2.0,0.0,13.0,2.0,1897.0,12.0,13.0,15.0,50.0,40.0,0.0,3974.0,152.0,5.0,0.0,16.0,0.0,0.0,1.0,3.0,244.0,0.0,4.0,102.0,3.0,0.0,27.0,0.0,3.0,8.0,14.0,8.0,1134.0,0.0,0.0,233.0,430.0,45.0,4.0,0.0,460.0,0.0,0.0,0.0,16.0,309.0,0.0,5.0,29.0,13.0,0.0,13.0,23.0,0.0,23.0,130.0,0.0,16.0,0.0,1099.0,24.0,1152.0,119.0,112.0,0.0,380.0,15.0,1.0,0.0,4.0,18.0,82.0,2.0,0.0,254.0,3.0,6.0,0.0,54.0,245.0,17.0,95.0,0.0,22.0,19.0,135.0,27.0,45.0,147.0,510.0,0.0,42.0,223.0,24.0,163.0,19.0,107.0,217.0,80.0,13.0,23.0,33.0,88.0,0.0,3.0,0.0,14.0,2.0,76.0,87.0,83.0,119.0,8.0,8.0,55.0,45.0,62.0,11.0,135.0,16.0,83.0,269.0,61.0,140.0,71.0,0.0,102.0,98.0,6.0,68.0,38.0,0.0,51.0,8.0,30.0,301.0,8.0,117.0,18.0,19.0,5.0,1323.0,17.0,63.0,13.0,13.0,0.0,81.0,0.0,5.0,0.0,134.0,15.0,8.0,23.0,216.0,1266.0,82.0,5.0,3.0,68.0,172.0,0.0,2020-01-01
2020-02-01,106.0,6.0,218.0,24.0,3.0,0.0,8.0,9.0,2824.0,76.0,429.0,0.0,32.0,7.0,26.0,10.0,0.0,0.0,17.0,24.0,1.0,75.0,4.0,201.0,27.0,51.0,5.0,15.0,66.0,0.0,412.0,0.0,35.0,71.0,8.0,41.0,5.0,7.0,1381.0,23.0,68.0,1633.0,0.0,14.0,1.0,44.0,0.0,116.0,60.0,36.0,129.0,20.0,32.0,50.0,152.0,23.0,29.0,715.0,28.0,2.0,11.0,529.0,16.0,47.0,4.0,26.0,628.0,18.0,46.0,8.0,7.0,36.0,0.0,13.0,1576.0,0.0,111.0,0.0,0.0,2.0,5.0,9.0,436.0,0.0,376.0,0.0,52.0,36.0,14.0,3.0,2.0,150.0,0.0,17.0,0.0,21.0,24.0,55.0,5720.0,1.0,44.0,23.0,58.0,31.0,46.0,3.0,0.0,0.0,38.0,1319.0,0.0,41.0,20.0,25.0,51.0,195.0,92.0,19.0,118.0,0.0,0.0,7.0,2.0,0.0,6.0,1.0,1984.0,11.0,40.0,14.0,30.0,35.0,0.0,3668.0,149.0,5.0,0.0,14.0,0.0,0.0,0.0,2.0,224.0,0.0,4.0,93.0,2.0,0.0,24.0,0.0,3.0,8.0,41.0,7.0,1147.0,0.0,0.0,131.0,309.0,45.0,4.0,1.0,422.0,0.0,0.0,0.0,14.0,329.0,0.0,5.0,17.0,14.0,0.0,14.0,25.0,4.0,33.0,137.0,0.0,16.0,0.0,1070.0,20.0,1053.0,115.0,103.0,0.0,153.0,15.0,10.0,0.0,3.0,10.0,83.0,4.0,0.0,190.0,5.0,6.0,0.0,55.0,177.0,11.0,79.0,0.0,21.0,21.0,143.0,20.0,32.0,141.0,488.0,0.0,47.0,219.0,21.0,170.0,71.0,110.0,199.0,55.0,11.0,17.0,27.0,96.0,0.0,4.0,0.0,15.0,1.0,46.0,34.0,79.0,112.0,9.0,8.0,51.0,50.0,62.0,12.0,136.0,17.0,86.0,203.0,59.0,102.0,63.0,0.0,104.0,89.0,6.0,60.0,40.0,0.0,54.0,6.0,20.0,149.0,9.0,107.0,14.0,16.0,5.0,1275.0,22.0,223.0,12.0,12.0,0.0,80.0,0.0,4.0,0.0,126.0,14.0,274.0,14.0,207.0,1452.0,86.0,4.0,2.0,31.0,171.0,0.0,2020-02-01
2020-03-01,107.0,7.0,303.0,27.0,4.0,612.0,19.0,6.0,2318.0,79.0,499.0,0.0,53.0,10.0,14.0,10.0,0.0,0.0,17.0,23.0,1.0,61.0,4.0,237.0,26.0,58.0,5.0,19.0,162.0,0.0,259.0,0.0,23.0,103.0,8.0,46.0,9.0,8.0,5750.0,18.0,59.0,2034.0,0.0,13.0,1.0,88.0,447.0,39.0,59.0,35.0,131.0,22.0,15.0,52.0,127.0,26.0,20.0,803.0,22.0,2.0,10.0,833.0,14.0,147.0,5.0,45.0,732.0,23.0,50.0,10.0,7.0,34.0,1.0,16.0,1249.0,0.0,124.0,0.0,0.0,4.0,6.0,15.0,564.0,0.0,323.0,0.0,57.0,39.0,20.0,5.0,2.0,97.0,20.0,24.0,0.0,25.0,17.0,57.0,6393.0,1.0,52.0,29.0,63.0,43.0,49.0,3.0,9.0,0.0,47.0,1421.0,0.0,47.0,15.0,29.0,102.0,236.0,98.0,22.0,127.0,0.0,0.0,8.0,2.0,0.0,6.0,2.0,2434.0,13.0,26.0,15.0,16.0,32.0,31.0,4122.0,58.0,4.0,0.0,14.0,0.0,0.0,0.0,2.0,230.0,0.0,4.0,104.0,1.0,0.0,25.0,0.0,3.0,8.0,22.0,6.0,1573.0,0.0,0.0,0.0,311.0,55.0,4.0,49.0,550.0,0.0,0.0,1.0,21.0,447.0,0.0,5.0,18.0,14.0,0.0,23.0,43.0,202.0,29.0,154.0,191.0,21.0,0.0,1171.0,24.0,838.0,109.0,102.0,0.0,393.0,16.0,27.0,0.0,4.0,12.0,104.0,6.0,0.0,151.0,5.0,6.0,0.0,48.0,158.0,9.0,109.0,32.0,25.0,25.0,150.0,15.0,35.0,180.0,568.0,0.0,48.0,220.0,18.0,176.0,80.0,140.0,233.0,53.0,18.0,21.0,30.0,102.0,0.0,5.0,28.0,14.0,1.0,34.0,28.0,95.0,129.0,41.0,27.0,43.0,52.0,61.0,14.0,140.0,20.0,103.0,410.0,64.0,24.0,68.0,0.0,96.0,99.0,5.0,88.0,56.0,0.0,61.0,6.0,16.0,116.0,9.0,139.0,12.0,22.0,6.0,1539.0,22.0,356.0,13.0,15.0,4.0,89.0,0.0,6.0,0.0,142.0,16.0,58.0,124.0,204.0,1475.0,83.0,5.0,2.0,6.0,186.0,0.0,2020-03-01
2020-04-01,119.0,16.0,297.0,41.0,7.0,722.0,18.0,7.0,2306.0,104.0,622.0,0.0,72.0,17.0,11.0,10.0,0.0,0.0,23.0,31.0,1.0,60.0,7.0,239.0,29.0,76.0,5.0,24.0,171.0,0.0,246.0,0.0,33.0,193.0,14.0,69.0,18.0,13.0,7708.0,25.0,63.0,2755.0,0.0,19.0,1.0,45.0,208.0,49.0,81.0,46.0,195.0,27.0,21.0,62.0,164.0,45.0,18.0,937.0,28.0,2.0,20.0,805.0,16.0,112.0,7.0,47.0,937.0,18.0,48.0,9.0,7.0,48.0,1.0,19.0,1019.0,0.0,186.0,1.0,0.0,7.0,8.0,21.0,985.0,0.0,333.0,0.0,68.0,202.0,20.0,7.0,3.0,120.0,1512.0,27.0,0.0,29.0,11.0,58.0,10310.0,3.0,78.0,42.0,145.0,60.0,86.0,5.0,2.0,0.0,70.0,2017.0,0.0,60.0,8.0,42.0,98.0,350.0,119.0,25.0,126.0,0.0,0.0,11.0,3.0,0.0,12.0,3.0,3203.0,18.0,27.0,20.0,14.0,36.0,190.0,4814.0,67.0,6.0,0.0,17.0,0.0,0.0,1.0,2.0,347.0,0.0,7.0,162.0,1.0,0.0,57.0,0.0,4.0,12.0,27.0,10.0,2321.0,7.0,0.0,0.0,304.0,58.0,6.0,303.0,877.0,0.0,1.0,1.0,24.0,786.0,0.0,11.0,22.0,19.0,1.0,28.0,26.0,83.0,57.0,211.0,55.0,35.0,0.0,1217.0,28.0,862.0,137.0,156.0,0.0,333.0,12.0,203.0,0.0,8.0,27.0,139.0,12.0,1.0,130.0,6.0,8.0,0.0,60.0,215.0,24.0,136.0,578.0,40.0,39.0,171.0,14.0,103.0,281.0,730.0,0.0,60.0,264.0,19.0,240.0,68.0,188.0,350.0,75.0,22.0,33.0,27.0,113.0,30.0,4.0,23.0,19.0,2.0,38.0,35.0,106.0,115.0,28.0,20.0,49.0,81.0,84.0,15.0,165.0,24.0,136.0,547.0,67.0,13.0,125.0,0.0,161.0,138.0,6.0,110.0,66.0,0.0,71.0,5.0,18.0,140.0,8.0,186.0,13.0,23.0,7.0,1799.0,16.0,160.0,84.0,21.0,6381.0,117.0,0.0,5.0,0.0,178.0,23.0,11.0,147.0,247.0,1844.0,104.0,8.0,4.0,4.0,222.0,0.0,2020-04-01
2020-05-01,125.0,16.0,274.0,32.0,12.0,411.0,16.0,8.0,3216.0,97.0,655.0,0.0,155.0,38.0,13.0,8.0,0.0,1.0,34.0,43.0,2.0,50.0,6.0,244.0,30.0,86.0,14.0,42.0,124.0,0.0,269.0,0.0,42.0,243.0,20.0,85.0,16.0,29.0,7889.0,24.0,66.0,2400.0,0.0,23.0,1.0,23.0,86.0,42.0,98.0,60.0,250.0,34.0,10.0,66.0,202.0,38.0,19.0,1108.0,21.0,3.0,26.0,738.0,17.0,82.0,8.0,48.0,965.0,15.0,70.0,12.0,10.0,43.0,1.0,18.0,928.0,0.0,148.0,1.0,0.0,6.0,10.0,21.0,1266.0,0.0,374.0,0.0,76.0,201.0,26.0,6.0,3.0,188.0,362.0,35.0,0.0,31.0,15.0,66.0,13789.0,3.0,86.0,57.0,249.0,51.0,90.0,6.0,0.0,0.0,89.0,2828.0,0.0,64.0,15.0,46.0,178.0,278.0,122.0,31.0,127.0,0.0,0.0,10.0,4.0,0.0,15.0,3.0,3502.0,18.0,23.0,21.0,12.0,35.0,59.0,4734.0,167.0,6.0,0.0,18.0,0.0,0.0,0.0,2.0,374.0,0.0,14.0,143.0,1.0,0.0,60.0,0.0,6.0,19.0,23.0,10.0,2398.0,392.0,0.0,0.0,264.0,103.0,7.0,66.0,1043.0,0.0,1.0,1.0,21.0,950.0,0.0,14.0,19.0,22.0,0.0,24.0,20.0,43.0,40.0,224.0,30.0,43.0,0.0,1259.0,39.0,800.0,152.0,162.0,0.0,180.0,9.0,98.0,0.0,7.0,17.0,133.0,19.0,1.0,134.0,7.0,7.0,0.0,55.0,316.0,56.0,66.0,63.0,42.0,39.0,178.0,8.0,46.0,311.0,720.0,0.0,64.0,267.0,20.0,251.0,58.0,196.0,517.0,77.0,21.0,112.0,25.0,117.0,234.0,5.0,26.0,18.0,4.0,63.0,71.0,114.0,92.0,23.0,23.0,55.0,80.0,88.0,18.0,178.0,23.0,150.0,454.0,77.0,10.0,521.0,1.0,151.0,146.0,8.0,138.0,123.0,0.0,80.0,5.0,17.0,149.0,9.0,198.0,18.0,16.0,7.0,1800.0,15.0,117.0,53.0,24.0,6411.0,119.0,0.0,8.0,0.0,183.0,21.0,5.0,51.0,230.0,1882.0,110.0,12.0,4.0,4.0,246.0,0.0,2020-05-01
2020-06-01,104.0,17.0,379.0,29.0,13.0,235.0,15.0,6.0,2774.0,72.0,623.0,0.0,87.0,26.0,11.0,6.0,0.0,0.0,28.0,38.0,1.0,53.0,3.0,219.0,25.0,79.0,8.0,76.0,101.0,0.0,230.0,0.0,30.0,189.0,16.0,94.0,10.0,52.0,7545.0,19.0,52.0,1952.0,0.0,26.0,2.0,17.0,51.0,29.0,89.0,51.0,213.0,32.0,6.0,72.0,173.0,45.0,16.0,1279.0,21.0,8.0,16.0,991.0,14.0,61.0,9.0,39.0,791.0,10.0,58.0,8.0,7.0,44.0,1.0,17.0,1279.0,0.0,142.0,0.0,0.0,4.0,9.0,14.0,906.0,0.0,323.0,0.0,65.0,88.0,18.0,7.0,2.0,110.0,118.0,24.0,0.0,20.0,11.0,65.0,13472.0,3.0,79.0,45.0,232.0,41.0,81.0,7.0,0.0,0.0,79.0,2338.0,1.0,51.0,15.0,44.0,122.0,226.0,111.0,45.0,123.0,0.0,0.0,8.0,5.0,0.0,12.0,2.0,3392.0,22.0,26.0,22.0,11.0,31.0,17.0,4168.0,87.0,5.0,0.0,13.0,0.0,0.0,0.0,1.0,306.0,0.0,10.0,126.0,0.0,0.0,79.0,0.0,5.0,15.0,26.0,9.0,2403.0,296.0,0.0,0.0,168.0,92.0,8.0,25.0,883.0,0.0,1.0,0.0,17.0,879.0,0.0,14.0,36.0,17.0,1.0,20.0,18.0,25.0,62.0,196.0,23.0,44.0,0.0,1139.0,29.0,707.0,129.0,139.0,0.0,363.0,8.0,64.0,0.0,6.0,12.0,105.0,16.0,1.0,269.0,6.0,9.0,0.0,45.0,285.0,41.0,53.0,38.0,37.0,59.0,167.0,6.0,27.0,313.0,647.0,0.0,57.0,235.0,15.0,245.0,108.0,193.0,667.0,67.0,18.0,81.0,19.0,98.0,69.0,4.0,19.0,19.0,2.0,82.0,44.0,104.0,76.0,18.0,12.0,54.0,66.0,71.0,20.0,181.0,21.0,150.0,392.0,70.0,8.0,272.0,0.0,162.0,150.0,7.0,108.0,337.0,683.0,77.0,5.0,20.0,125.0,7.0,195.0,35.0,12.0,6.0,1779.0,13.0,99.0,32.0,23.0,5521.0,114.0,0.0,7.0,0.0,173.0,20.0,2.0,29.0,181.0,1557.0,94.0,7.0,3.0,3.0,249.0,0.0,2020-06-01
2020-07-01,208.0,21.0,322.0,43.0,54.0,210.0,9.0,5.0,2696.0,71.0,651.0,0.0,85.0,25.0,31.0,6.0,0.0,0.0,28.0,35.0,1.0,46.0,3.0,205.0,24.0,75.0,9.0,35.0,100.0,0.0,244.0,1.0,33.0,185.0,17.0,104.0,11.0,24.0,8687.0,22.0,50.0,1597.0,0.0,41.0,2.0,21.0,54.0,27.0,92.0,59.0,246.0,24.0,8.0,64.0,192.0,32.0,21.0,1370.0,134.0,4.0,15.0,1131.0,17.0,218.0,11.0,46.0,768.0,9.0,63.0,9.0,11.0,48.0,1.0,17.0,1001.0,1.0,138.0,0.0,0.0,4.0,8.0,14.0,679.0,0.0,339.0,32.0,77.0,131.0,55.0,10.0,3.0,107.0,73.0,25.0,0.0,19.0,13.0,73.0,11954.0,4.0,103.0,37.0,178.0,43.0,114.0,8.0,21.0,1101.0,70.0,2172.0,104.0,49.0,19.0,63.0,266.0,224.0,110.0,38.0,169.0,464.0,0.0,12.0,4.0,0.0,12.0,3.0,3476.0,49.0,20.0,23.0,10.0,35.0,7.0,4372.0,58.0,6.0,0.0,15.0,0.0,0.0,0.0,2.0,295.0,0.0,7.0,130.0,0.0,0.0,60.0,0.0,5.0,20.0,20.0,12.0,2800.0,78.0,0.0,0.0,328.0,79.0,9.0,19.0,854.0,0.0,2.0,0.0,15.0,1057.0,0.0,20.0,35.0,19.0,2.0,19.0,16.0,24.0,80.0,196.0,22.0,52.0,0.0,1189.0,48.0,793.0,121.0,158.0,0.0,334.0,6.0,49.0,0.0,7.0,13.0,102.0,28.0,1.0,187.0,8.0,10.0,0.0,49.0,315.0,40.0,51.0,28.0,34.0,56.0,171.0,5.0,33.0,365.0,677.0,361.0,58.0,275.0,21.0,310.0,96.0,209.0,469.0,80.0,20.0,47.0,22.0,103.0,44.0,6.0,14.0,22.0,2.0,58.0,38.0,102.0,95.0,22.0,11.0,55.0,71.0,67.0,20.0,183.0,20.0,146.0,296.0,76.0,18.0,144.0,0.0,157.0,152.0,8.0,135.0,97.0,254.0,77.0,4.0,17.0,118.0,8.0,191.0,47.0,25.0,8.0,1837.0,15.0,111.0,27.0,28.0,4856.0,122.0,0.0,6.0,0.0,174.0,26.0,2.0,30.0,167.0,1614.0,100.0,7.0,3.0,3.0,256.0,0.0,2020-07-01
2020-08-01,165.0,15.0,296.0,32.0,499.0,146.0,8.0,8.0,2761.0,74.0,663.0,0.0,66.0,16.0,18.0,6.0,0.0,0.0,29.0,37.0,1.0,48.0,3.0,195.0,21.0,68.0,6.0,32.0,96.0,0.0,249.0,5.0,28.0,171.0,19.0,114.0,14.0,22.0,9090.0,17.0,42.0,1441.0,0.0,58.0,2.0,22.0,57.0,25.0,82.0,53.0,204.0,24.0,5.0,57.0,189.0,26.0,23.0,1379.0,66.0,3.0,16.0,1019.0,15.0,79.0,11.0,38.0,746.0,10.0,64.0,8.0,8.0,49.0,2.0,31.0,887.0,6.0,116.0,0.0,0.0,3.0,7.0,13.0,512.0,0.0,450.0,3038.0,81.0,96.0,27.0,6.0,3.0,106.0,61.0,21.0,0.0,19.0,14.0,87.0,10716.0,6.0,104.0,32.0,181.0,41.0,113.0,8.0,0.0,478.0,58.0,2039.0,211.0,73.0,10.0,64.0,216.0,256.0,106.0,238.0,134.0,383.0,0.0,10.0,5.0,0.0,10.0,3.0,3509.0,25.0,15.0,20.0,10.0,70.0,3.0,4375.0,55.0,4.0,0.0,12.0,0.0,0.0,0.0,2.0,186.0,133.0,5.0,123.0,0.0,73.0,52.0,0.0,4.0,18.0,17.0,12.0,2614.0,29.0,0.0,0.0,232.0,68.0,9.0,17.0,876.0,0.0,1.0,0.0,12.0,908.0,10.0,20.0,22.0,20.0,223.0,19.0,13.0,38.0,55.0,182.0,18.0,43.0,0.0,1112.0,41.0,808.0,114.0,145.0,0.0,169.0,6.0,39.0,0.0,5.0,14.0,105.0,33.0,1.0,145.0,7.0,11.0,0.0,41.0,342.0,276.0,48.0,22.0,31.0,40.0,177.0,5.0,183.0,357.0,652.0,592.0,59.0,246.0,28.0,302.0,65.0,208.0,430.0,58.0,18.0,36.0,22.0,111.0,31.0,4.0,0.0,18.0,2.0,39.0,26.0,106.0,84.0,20.0,12.0,65.0,81.0,58.0,19.0,172.0,19.0,148.0,254.0,80.0,15.0,117.0,0.0,163.0,164.0,8.0,87.0,46.0,74.0,73.0,5.0,17.0,109.0,8.0,178.0,29.0,13.0,6.0,1664.0,17.0,79.0,20.0,25.0,4060.0,130.0,0.0,9.0,0.0,266.0,21.0,3.0,36.0,180.0,1652.0,102.0,4.0,3.0,4.0,269.0,0.0,2020-08-01
2020-09-01,165.0,20.0,279.0,33.0,3487.0,120.0,7.0,6.0,2530.0,73.0,705.0,0.0,55.0,14.0,12.0,6.0,0.0,0.0,29.0,37.0,1.0,53.0,2.0,244.0,20.0,75.0,8.0,31.0,122.0,64.0,269.0,132.0,29.0,174.0,18.0,109.0,9.0,26.0,8897.0,17.0,105.0,1432.0,0.0,35.0,3.0,21.0,47.0,18.0,79.0,34.0,180.0,26.0,2.0,58.0,322.0,28.0,20.0,1427.0,39.0,4.0,17.0,878.0,17.0,57.0,11.0,46.0,766.0,10.0,71.0,5.0,9.0,39.0,1.0,29.0,819.0,17.0,119.0,0.0,0.0,3.0,6.0,10.0,376.0,13.0,419.0,1457.0,78.0,92.0,18.0,7.0,3.0,103.0,48.0,22.0,0.0,23.0,13.0,58.0,8714.0,7.0,102.0,30.0,173.0,30.0,100.0,6.0,421.0,161.0,67.0,1708.0,49.0,69.0,129.0,54.0,159.0,240.0,115.0,101.0,127.0,84.0,0.0,6.0,3.0,0.0,9.0,3.0,3547.0,21.0,16.0,20.0,10.0,104.0,2.0,4415.0,46.0,4.0,0.0,17.0,0.0,0.0,1.0,2.0,32.0,453.0,7.0,128.0,0.0,560.0,53.0,0.0,5.0,18.0,18.0,11.0,2154.0,32.0,0.0,0.0,224.0,60.0,8.0,17.0,943.0,0.0,1.0,0.0,7.0,185.0,1243.0,19.0,21.0,20.0,54.0,23.0,12.0,18.0,77.0,178.0,18.0,37.0,0.0,1045.0,33.0,891.0,112.0,117.0,0.0,354.0,13.0,27.0,147.0,5.0,16.0,108.0,32.0,0.0,128.0,6.0,8.0,0.0,34.0,281.0,110.0,33.0,15.0,34.0,151.0,182.0,5.0,101.0,291.0,980.0,214.0,56.0,217.0,42.0,277.0,49.0,216.0,429.0,47.0,13.0,33.0,20.0,114.0,34.0,4.0,509.0,17.0,2.0,39.0,22.0,90.0,88.0,15.0,10.0,83.0,68.0,50.0,20.0,154.0,14.0,163.0,515.0,81.0,11.0,97.0,0.0,141.0,151.0,7.0,84.0,38.0,52.0,82.0,5.0,29.0,122.0,9.0,180.0,23.0,18.0,8.0,1699.0,92.0,119.0,15.0,26.0,3004.0,115.0,0.0,9.0,0.0,235.0,25.0,2.0,37.0,178.0,1498.0,107.0,7.0,5.0,6.0,257.0,0.0,2020-09-01
2020-10-01,145.0,13.0,256.0,42.0,2908.0,136.0,17.0,4.0,2723.0,75.0,738.0,0.0,70.0,19.0,11.0,6.0,0.0,0.0,31.0,41.0,1.0,54.0,2.0,202.0,18.0,74.0,6.0,25.0,79.0,469.0,247.0,640.0,31.0,221.0,18.0,119.0,4.0,19.0,8955.0,12.0,70.0,1532.0,0.0,26.0,3.0,23.0,131.0,20.0,67.0,0.0,156.0,23.0,1.0,36.0,251.0,41.0,15.0,1267.0,36.0,4.0,16.0,862.0,19.0,56.0,8.0,49.0,806.0,8.0,62.0,0.0,0.0,53.0,1.0,18.0,906.0,44.0,138.0,0.0,1.0,3.0,6.0,10.0,90.0,1427.0,353.0,617.0,88.0,101.0,17.0,6.0,3.0,117.0,34.0,3.0,0.0,21.0,8.0,55.0,7776.0,5.0,107.0,46.0,249.0,29.0,87.0,6.0,2621.0,262.0,62.0,1649.0,25.0,57.0,213.0,56.0,95.0,255.0,106.0,55.0,120.0,39.0,0.0,13.0,2.0,0.0,7.0,3.0,3711.0,29.0,15.0,22.0,9.0,84.0,3.0,4531.0,40.0,6.0,0.0,15.0,0.0,0.0,1.0,2.0,37.0,544.0,14.0,118.0,0.0,72.0,45.0,0.0,4.0,15.0,16.0,12.0,2426.0,24.0,0.0,0.0,335.0,70.0,9.0,18.0,974.0,0.0,1.0,0.0,6.0,114.0,770.0,22.0,22.0,18.0,1.0,25.0,12.0,30.0,87.0,202.0,15.0,63.0,0.0,1110.0,32.0,852.0,111.0,113.0,0.0,334.0,28.0,0.0,2525.0,5.0,10.0,103.0,31.0,0.0,263.0,3.0,9.0,0.0,29.0,288.0,41.0,81.0,0.0,48.0,119.0,176.0,4.0,49.0,301.0,1629.0,792.0,72.0,221.0,39.0,259.0,49.0,246.0,328.0,46.0,11.0,32.0,20.0,119.0,39.0,4.0,104.0,12.0,2.0,29.0,20.0,87.0,78.0,19.0,14.0,63.0,65.0,40.0,15.0,181.0,9.0,179.0,455.0,74.0,8.0,108.0,0.0,136.0,139.0,13.0,77.0,36.0,73.0,69.0,4.0,31.0,108.0,12.0,161.0,22.0,14.0,8.0,1408.0,31.0,115.0,9.0,24.0,2620.0,112.0,0.0,69.0,0.0,162.0,28.0,1.0,33.0,192.0,1509.0,107.0,13.0,3.0,8.0,245.0,0.0,2020-10-01
2020-11-01,190.0,46.0,333.0,50.0,1848.0,128.0,19.0,7.0,4081.0,80.0,755.0,1042.0,77.0,22.0,16.0,8.0,0.0,0.0,35.0,43.0,3.0,64.0,4.0,187.0,16.0,86.0,7.0,29.0,79.0,2886.0,184.0,3482.0,30.0,177.0,17.0,152.0,3.0,14.0,5732.0,23.0,50.0,1804.0,0.0,33.0,6.0,21.0,67.0,44.0,97.0,0.0,211.0,30.0,2.0,31.0,259.0,44.0,16.0,1385.0,39.0,224.0,14.0,1930.0,25.0,154.0,10.0,45.0,871.0,7.0,61.0,0.0,0.0,50.0,2.0,20.0,918.0,150.0,141.0,0.0,0.0,3.0,6.0,9.0,56.0,1372.0,305.0,309.0,96.0,102.0,24.0,7.0,4.0,129.0,39.0,0.0,0.0,20.0,10.0,53.0,8570.0,4.0,111.0,38.0,309.0,33.0,104.0,6.0,1109.0,166.0,81.0,1891.0,35.0,57.0,191.0,48.0,149.0,294.0,101.0,51.0,135.0,20.0,0.0,7.0,4.0,0.0,11.0,4.0,3988.0,22.0,16.0,25.0,12.0,54.0,11.0,4718.0,39.0,7.0,0.0,13.0,0.0,0.0,1.0,3.0,52.0,330.0,7.0,113.0,0.0,37.0,107.0,271.0,6.0,15.0,20.0,29.0,3102.0,25.0,0.0,0.0,179.0,100.0,9.0,17.0,1000.0,0.0,1.0,0.0,6.0,120.0,718.0,30.0,28.0,19.0,1.0,19.0,21.0,23.0,61.0,220.0,19.0,53.0,0.0,1042.0,42.0,886.0,127.0,126.0,0.0,190.0,29.0,0.0,1560.0,14.0,13.0,116.0,35.0,0.0,267.0,2.0,8.0,0.0,27.0,308.0,32.0,65.0,0.0,41.0,73.0,184.0,4.0,47.0,336.0,1614.0,486.0,69.0,294.0,36.0,284.0,63.0,239.0,404.0,79.0,15.0,40.0,23.0,122.0,50.0,4.0,35.0,16.0,3.0,39.0,54.0,89.0,110.0,17.0,19.0,63.0,78.0,44.0,17.0,159.0,12.0,194.0,386.0,102.0,10.0,134.0,0.0,120.0,150.0,8.0,129.0,41.0,72.0,80.0,6.0,32.0,120.0,13.0,175.0,29.0,16.0,8.0,1182.0,25.0,83.0,10.0,28.0,2780.0,128.0,0.0,25.0,0.0,161.0,33.0,1.0,32.0,223.0,2376.0,100.0,16.0,2.0,6.0,265.0,0.0,2020-11-01
2020-12-01,174.0,31.0,364.0,62.0,1208.0,144.0,14.0,6.0,3413.0,68.0,742.0,341.0,46.0,17.0,16.0,10.0,0.0,1.0,34.0,48.0,2.0,58.0,3.0,215.0,15.0,90.0,6.0,33.0,71.0,5557.0,132.0,2462.0,23.0,111.0,15.0,189.0,2.0,10.0,3311.0,36.0,43.0,1919.0,0.0,50.0,3482.0,25.0,86.0,37.0,93.0,0.0,235.0,32.0,2.0,43.0,317.0,41.0,16.0,1411.0,43.0,141.0,14.0,1041.0,48.0,105.0,8.0,34.0,849.0,6.0,70.0,1.0,0.0,48.0,2.0,18.0,1344.0,199.0,169.0,0.0,0.0,3.0,6.0,8.0,41.0,1214.0,586.0,330.0,86.0,106.0,23.0,7.0,3.0,122.0,54.0,0.0,0.0,19.0,11.0,66.0,9732.0,4.0,118.0,27.0,321.0,34.0,111.0,5.0,888.0,125.0,98.0,2432.0,24.0,54.0,173.0,51.0,153.0,262.0,97.0,46.0,165.0,17.0,0.0,16.0,3.0,0.0,16.0,4.0,4239.0,24.0,14.0,27.0,11.0,45.0,15.0,4437.0,45.0,6.0,1.0,12.0,0.0,0.0,1.0,2.0,46.0,338.0,4.0,103.0,0.0,50.0,63.0,123.0,7.0,13.0,18.0,16.0,3682.0,28.0,0.0,0.0,171.0,87.0,10.0,17.0,1054.0,0.0,1.0,0.0,6.0,123.0,714.0,31.0,27.0,18.0,1.0,19.0,16.0,32.0,51.0,164.0,24.0,37.0,0.0,1075.0,42.0,896.0,151.0,120.0,0.0,158.0,33.0,0.0,860.0,10.0,26.0,112.0,38.0,0.0,191.0,3.0,7.0,0.0,30.0,373.0,26.0,58.0,0.0,35.0,59.0,194.0,7.0,43.0,386.0,1677.0,290.0,64.0,339.0,39.0,269.0,69.0,229.0,428.0,58.0,14.0,37.0,28.0,125.0,52.0,5.0,56.0,18.0,4.0,58.0,62.0,83.0,208.0,20.0,14.0,62.0,75.0,46.0,20.0,194.0,13.0,198.0,325.0,84.0,15.0,133.0,0.0,126.0,186.0,6.0,163.0,45.0,85.0,75.0,7.0,18.0,105.0,12.0,197.0,26.0,13.0,9.0,1412.0,22.0,83.0,11.0,29.0,2926.0,135.0,0.0,10.0,0.0,158.0,27.0,18.0,29.0,287.0,3154.0,104.0,15.0,3.0,6.0,272.0,0.0,2020-12-01
2021-01-01,223.0,35.0,487.0,55.0,889.0,147.0,16.0,7.0,3817.0,85.0,862.0,236.0,45.0,16.0,21.0,11.0,0.0,2.0,42.0,56.0,3.0,70.0,3.0,246.0,15.0,101.0,10.0,37.0,76.0,6659.0,144.0,1911.0,32.0,120.0,16.0,232.0,2.0,11.0,4446.0,39.0,68.0,2247.0,0.0,57.0,599.0,26.0,73.0,40.0,102.0,0.0,255.0,40.0,3.0,39.0,380.0,45.0,28.0,1567.0,42.0,84.0,16.0,826.0,33.0,80.0,8.0,39.0,971.0,7.0,102.0,1.0,0.0,56.0,2.0,21.0,2146.0,208.0,187.0,0.0,0.0,4.0,5.0,8.0,38.0,1588.0,496.0,303.0,93.0,103.0,34.0,8.0,2.0,141.0,65.0,0.0,0.0,28.0,13.0,67.0,9955.0,4.0,140.0,35.0,392.0,42.0,116.0,7.0,822.0,133.0,91.0,2735.0,34.0,62.0,198.0,56.0,177.0,274.0,110.0,63.0,182.0,17.0,0.0,9.0,9.0,0.0,70.0,3.0,4603.0,21.0,18.0,33.0,13.0,59.0,9.0,5860.0,44.0,6.0,1.0,14.0,0.0,0.0,1.0,1.0,35.0,378.0,5.0,129.0,0.0,30.0,43.0,70.0,7.0,17.0,21.0,14.0,4834.0,28.0,41.0,0.0,219.0,87.0,6.0,25.0,1177.0,0.0,1.0,0.0,1.0,125.0,835.0,38.0,35.0,22.0,1.0,30.0,17.0,33.0,63.0,180.0,33.0,55.0,0.0,1272.0,54.0,967.0,169.0,147.0,0.0,484.0,49.0,0.0,792.0,12.0,23.0,136.0,41.0,1.0,220.0,5.0,8.0,0.0,36.0,398.0,33.0,84.0,0.0,54.0,118.0,217.0,10.0,62.0,456.0,1878.0,289.0,70.0,1543.0,54.0,348.0,79.0,260.0,639.0,68.0,105.0,46.0,34.0,146.0,57.0,5.0,78.0,12.0,4.0,345.0,68.0,88.0,426.0,28.0,18.0,66.0,117.0,53.0,28.0,199.0,16.0,218.0,411.0,85.0,16.0,161.0,0.0,153.0,225.0,9.0,309.0,53.0,92.0,102.0,8.0,19.0,115.0,14.0,212.0,29.0,33.0,14.0,1710.0,25.0,118.0,12.0,41.0,4039.0,148.0,0.0,8.0,0.0,170.0,38.0,4.0,41.0,283.0,2566.0,113.0,16.0,3.0,7.0,299.0,0.0,2021-01-01
2021-02-01,175.0,36.0,526.0,50.0,574.0,149.0,18.0,8.0,6050.0,86.0,904.0,216.0,41.0,13.0,15.0,16.0,0.0,0.0,46.0,60.0,3.0,71.0,2.0,211.0,15.0,100.0,9.0,43.0,80.0,7096.0,148.0,1884.0,30.0,122.0,17.0,255.0,4.0,12.0,4811.0,34.0,65.0,2245.0,0.0,48.0,206.0,21.0,59.0,35.0,105.0,0.0,233.0,32.0,3.0,46.0,328.0,42.0,35.0,1581.0,27.0,59.0,15.0,997.0,24.0,77.0,8.0,36.0,915.0,6.0,78.0,1.0,0.0,68.0,2.0,19.0,1694.0,182.0,192.0,1.0,0.0,4.0,5.0,8.0,36.0,1452.0,508.0,260.0,90.0,97.0,41.0,8.0,2.0,140.0,48.0,0.0,0.0,24.0,14.0,73.0,9722.0,4.0,140.0,34.0,425.0,41.0,119.0,6.0,902.0,100.0,107.0,2989.0,33.0,60.0,122.0,56.0,173.0,252.0,109.0,53.0,190.0,19.0,0.0,7.0,7.0,0.0,33.0,3.0,4773.0,17.0,20.0,38.0,13.0,74.0,4.0,5463.0,45.0,7.0,300.0,13.0,0.0,0.0,1.0,1.0,34.0,383.0,6.0,152.0,1.0,27.0,36.0,44.0,9.0,18.0,22.0,13.0,5252.0,27.0,2.0,0.0,187.0,86.0,7.0,21.0,1310.0,0.0,1.0,0.0,1.0,140.0,849.0,40.0,33.0,22.0,1.0,25.0,26.0,95.0,63.0,180.0,38.0,57.0,0.0,1257.0,42.0,941.0,169.0,154.0,0.0,424.0,53.0,0.0,580.0,9.0,18.0,161.0,52.0,1.0,232.0,6.0,7.0,0.0,34.0,373.0,26.0,95.0,0.0,64.0,152.0,230.0,7.0,44.0,493.0,1743.0,336.0,71.0,892.0,47.0,392.0,60.0,264.0,658.0,75.0,50.0,49.0,31.0,155.0,61.0,4.0,44.0,0.0,4.0,157.0,57.0,86.0,348.0,24.0,20.0,87.0,94.0,52.0,26.0,197.0,16.0,248.0,411.0,81.0,15.0,183.0,0.0,172.0,214.0,8.0,209.0,57.0,81.0,113.0,10.0,15.0,105.0,11.0,227.0,29.0,27.0,12.0,1663.0,24.0,126.0,13.0,38.0,4389.0,145.0,2250.0,7.0,0.0,191.0,32.0,3.0,39.0,264.0,2097.0,106.0,25.0,6.0,8.0,322.0,0.0,2021-02-01
2021-03-01,134.0,42.0,415.0,46.0,409.0,178.0,17.0,4.0,5529.0,86.0,909.0,175.0,38.0,16.0,9.0,13.0,0.0,0.0,43.0,58.0,3.0,75.0,2.0,289.0,19.0,102.0,7.0,39.0,76.0,6628.0,132.0,1435.0,25.0,107.0,15.0,265.0,4.0,11.0,4867.0,30.0,67.0,2188.0,0.0,48.0,125.0,23.0,104.0,28.0,106.0,0.0,221.0,41.0,2.0,39.0,282.0,45.0,20.0,1644.0,24.0,74.0,14.0,879.0,21.0,79.0,11.0,36.0,887.0,6.0,98.0,0.0,5.0,76.0,2.0,29.0,1406.0,152.0,185.0,0.0,0.0,3.0,5.0,8.0,33.0,1269.0,453.0,322.0,111.0,78.0,45.0,9.0,1.0,127.0,246.0,0.0,0.0,26.0,13.0,82.0,9665.0,4.0,147.0,33.0,458.0,35.0,116.0,6.0,784.0,87.0,97.0,3035.0,26.0,61.0,100.0,56.0,167.0,264.0,110.0,53.0,239.0,21.0,0.0,4.0,8.0,0.0,22.0,4.0,4690.0,19.0,25.0,42.0,14.0,187.0,7.0,5069.0,69.0,5.0,148.0,11.0,0.0,0.0,0.0,1.0,14.0,312.0,6.0,135.0,0.0,54.0,34.0,44.0,8.0,17.0,23.0,16.0,4601.0,31.0,367.0,0.0,173.0,83.0,8.0,26.0,1356.0,0.0,1.0,0.0,1.0,112.0,891.0,33.0,31.0,21.0,1.0,32.0,17.0,32.0,56.0,180.0,26.0,51.0,0.0,1161.0,39.0,873.0,165.0,149.0,0.0,208.0,23.0,38.0,531.0,8.0,17.0,129.0,50.0,1.0,231.0,7.0,17.0,0.0,31.0,313.0,181.0,76.0,22.0,53.0,99.0,229.0,7.0,74.0,485.0,1604.0,271.0,69.0,505.0,49.0,345.0,96.0,264.0,536.0,70.0,30.0,40.0,26.0,157.0,59.0,6.0,29.0,0.0,3.0,77.0,49.0,85.0,323.0,21.0,20.0,88.0,176.0,52.0,28.0,223.0,15.0,262.0,383.0,89.0,14.0,152.0,0.0,159.0,199.0,8.0,145.0,56.0,77.0,125.0,10.0,23.0,101.0,12.0,255.0,30.0,21.0,13.0,1632.0,22.0,95.0,12.0,78.0,4752.0,146.0,1495.0,7.0,0.0,193.0,36.0,4.0,37.0,241.0,1893.0,103.0,24.0,10.0,63.0,323.0,0.0,2021-03-01
