,7 Days to Die,A Way Out,ARK: Survival Evolved,American Truck Simulator,Among Us,Animal Crossing: New Horizons,Anthem,Apex Legends,Arma 3,Art,Assassin's Creed Valhalla,Assassin's Creed: Odyssey,Assassin's Creed: Origins,Atlas,Baldur's Gate 3,Battalion 1944,Battleborn,Battlefield 1,Battlefield 4,Battlefield V,Battlerite,Black Desert Online,Blade & Soul,Bloodborne,Bloodstained: Ritual of the Night,Borderlands,Borderlands 2,Borderlands 3,Call Of Duty: Modern Warfare,Call of Duty: Black Ops 4,Call of Duty: Black Ops Cold War,Call of Duty: Black Ops II,Call of Duty: Black Ops III,Call of Duty: Infinite Warfare,Call of Duty: Mobile,Call of Duty: Modern Warfare Remastered,Call of Duty: WWII,Call of Duty: Warzone,Code Vein,Conan Exiles,Counter-Strike: Global Offensive,Crash Bandicoot N. Sane Trilogy,Creative,Cuphead,Cyberpunk 2077,DOOM,DOOM Eternal,DRAGON BALL Z: KAKAROT,Dark Souls,Dark Souls II: Scholar of the First Sin,Dark Souls III,Darkest Dungeon,Darwin Project,Dauntless,DayZ,Days Gone,Dead by Daylight,Death Stranding,Demon's Souls,Destiny,Destiny 2,Detroit: Become Human,Deus Ex: Mankind Divided,Devil May Cry 5,Diablo III,Dishonored 2,Divinity: Original Sin II,Dota 2,Dota Underlords,Dragon Ball FighterZ,Dragon Ball: Xenoverse 2,Dragon Quest IV,Dragon's Dogma: Dark Arisen,Dungeons & Dragons,Dying Light,Elite: Dangerous,Enter the Gungeon,Escape From Tarkov,Escape from Tarkov,Evolve,FIFA 16,FIFA 17,FIFA 18,FIFA 19,FIFA 20,FIFA 21,FINAL FANTASY XIV Online,Fall Guys: Ultimate Knockout,Fallout 4,Fallout 76,Far Cry 5,Far Cry: Primal,Final Fantasy VII Remake,Final Fantasy X/X-2 HD Remaster,Final Fantasy XIV: Heavensward,Final Fantasy XV,Fire Emblem: Three Houses,For Honor,Fortnite,Forza Horizon 3,Forza Horizon 4,Friday the 13th: The Game,Gears 5,Gears of War 4,Genshin Impact,Ghost of Tsushima,God of War,Grand Theft Auto V,Grounded,Guild Wars 2,Hades,Halo 5: Guardians,Halo: The Master Chief Collection,Hearthstone,Heroes of the Storm,Horizon Zero Dawn,Hunt: Showdown,Hyper Scape,IRL,Injustice 2,Islands of Nyne: Battle Royale,Jackbox Party Packs,Jurassic World Evolution,Just Chatting,Killing Floor 2,Kingdom Come: Deliverance,Kingdom Hearts,Kingdom Hearts HD 1.5 + 2.5 ReMIX,Kingdom Hearts HD 1.5 + 2.5 Remix,Kingdom Hearts III,League of Legends,Let It Die,Little Nightmares II,Luigi's Mansion 3,MLB The Show 19,MLB The Show 20,MORDHAU,Madden NFL 16,Madden NFL 17,Madden NFL 18,Madden NFL 19,Madden NFL 20,Madden NFL 21,Mafia III,Magic: The Gathering,MapleStory 2,Marvel's Avengers,Marvel's Spider-Man,Marvel's Spider-Man: Miles Morales,Mass Effect: Andromeda,Metal Gear Solid V: The Phantom Pain,Metro Exodus,Middle-earth: Shadow of War,Minecraft,Minecraft Dungeons,Monster Hunter Rise,Monster Hunter World: Iceborne,Monster Hunter: World,Mortal Kombat 11,Mortal Kombat X,Mount & Blade II: Bannerlord,Music,NBA 2K16,NBA 2K17,NBA 2K18,NBA 2K19,NBA 2K20,NBA 2K21,Naruto Shippuden: Ultimate Ninja Storm 4,Neverwinter,New World,NieR: Automata,Nioh,Nioh 2,No Man's Sky,Old School RuneScape,Ori and the Will of the Wisps,Outlast,Outlast 2,Overwatch,PLAYERUNKNOWN'S BATTLEGROUNDS,PUBG Mobile,Paladins,Paragon,Path of Exile,Persona 5,Persona 5 Royal,Phantasy Star Online 2,Phasmophobia,Planet Coaster,Poker,Pokémon GO,Pokémon Omega Ruby/Alpha Sapphire,Pokémon Sun/Moon,Pokémon Sword/Shield,"Pokémon: Let's Go, Pikachu!",Prey,Radical Heights,Realm Royale,Red Dead Redemption 2,Remnant: From the Ashes,Resident Evil 2,Resident Evil 3,Resident Evil 4,Resident Evil 7 biohazard,Retro,Ring Of Elysium,Risk of Rain 2,Roblox,Rocket League,Rogue Company,RuneScape,Rust,SCUM,SMITE,Satisfactory,Science & Technology,Sea of Thieves,Sekiro: Shadows Die Twice,Shadow of the Colossus,Shadow of the Tomb Raider,Sid Meier's Civilization VI,Slay the Spire,South Park: The Fractured But Whole,Spellbreak,Splatoon 2,Spyro Reignited Trilogy,Star Wars Battlefront II,Star Wars Jedi: Fallen Order,Star Wars: Battlefront,StarCraft II,Stardew Valley,State of Decay 2,Stellaris,Street Fighter V,Subnautica,Super Mario 3D All-Stars,Super Mario Maker,Super Mario Maker 2,Super Mario Odyssey,Super Smash Bros. Ultimate,Super Smash Bros. for Wii U,TERA,Teamfight Tactics,Tekken 7,Temtem,Terraria,The Culling,The Elder Scrolls Online,The Elder Scrolls V: Skyrim,The Evil Within 2,The Forest,The Last of Us,The Last of Us Part II,The Legend of Zelda: Breath of the Wild,The Legend of Zelda: Link's Awakening,The Outer Worlds,The Sims 4,The Witcher 3: Wild Hunt,They Are Billions,Titanfall 2,Tom Clancy's Ghost Recon: Breakpoint,Tom Clancy's Ghost Recon: Wildlands,Tom Clancy's Rainbow Six Siege,Tom Clancy's The Division,Tom Clancy's The Division 2,Tony Hawk's Pro Skater 1+2,Uncharted 4: A Thief's End,Undertale,VALORANT,VRChat,Valheim,Vampyr,WWE 2K16,Warframe,Warhammer: Vermintide 2,Watch Dogs 2,Wolcen: Lords of Mayhem,World War Z,World of Tanks,World of Warcraft,World of Warcraft: Battle for Azeroth,XCOM 2,XCOM 2: War of the Chosen,Xenoblade Chronicles 2,Z1: Battle Royale,osu!,date
2016-01-01,6.0,0.0,47.0,0.0,0.0,0.0,0.0,0.0,0.0,0.0,0.0,0.0,0.0,0.0,0.0,0.0,0.0,0.0,25.0,0.0,0.0,0.0,84.0,36.0,0.0,0.0,0.0,0.0,0.0,0.0,0.0,13.0,345.0,0.0,0.0,0.0,0.0,0.0,0.0,0.0,223.0,0.0,74.0,0.0,0.0,0.0,0.0,0.0,0.0,0.0,0.0,17.0,0.0,0.0,0.0,0.0,0.0,0.0,1.0,233.0,0.0,0.0,0.0,0.0,75.0,0.0,0.0,59.0,0.0,0.0,0.0,0.0,21.0,5.0,0.0,0.0,0.0,0.0,0.0,0.0,28.0,0.0,0.0,0.0,0.0,0.0,0.0,0.0,85.0,0.0,0.0,0.0,0.0,0.0,0.0,0.0,0.0,0.0,0.0,0.0,0.0,0.0,0.0,0.0,0.0,0.0,0.0,91.0,0.0,0.0,0.0,44.0,0.0,55.0,34.0,0.0,0.0,0.0,0.0,0.0,0.0,0.0,0.0,0.0,3.0,0.0,0.0,0.0,0.0,0.0,389.0,0.0,0.0,0.0,0.0,0.0,0.0,57.0,0.0,0.0,0.0,0.0,0.0,0.0,9.0,0.0,0.0,0.0,0.0,0.0,0.0,0.0,0.0,135.0,0.0,0.0,0.0,0.0,0.0,0.0,0.0,0.0,53.0,0.0,0.0,0.0,0.0,0.0,0.0,0.0,0.0,0.0,0.0,0.0,0.0,0.0,0.0,0.0,0.0,0.0,0.0,0.0,0.0,0.0,24.0,0.0,0.0,0.0,0.0,0.0,12.0,0.0,14.0,0.0,0.0,0.0,0.0,0.0,0.0,0.0,0.0,0.0,0.0,0.0,0.0,0.0,0.0,0.0,0.0,54.0,0.0,45.0,16.0,0.0,0.0,0.0,0.0,0.0,0.0,0.0,0.0,0.0,0.0,0.0,0.0,0.0,0.0,0.0,0.0,29.0,32.0,0.0,0.0,0.0,4.0,0.0,0.0,20.0,0.0,0.0,0.0,15.0,0.0,0.0,0.0,0.0,0.0,0.0,19.0,0.0,0.0,0.0,11.0,0.0,0.0,0.0,0.0,0.0,0.0,0.0,0.0,0.0,0.0,83.0,30.0,0.0,0.0,0.0,0.0,0.0,0.0,0.0,0.0,10.0,31.0,0.0,0.0,0.0,0.0,0.0,121.0,0.0,0.0,0.0,0.0,89.0,26.0,2016-01-01
2016-02-01,5.0,0.0,39.0,25.0,0.0,0.0,0.0,0.0,30.0,0.0,0.0,0.0,0.0,0.0,0.0,0.0,0.0,0.0,24.0,0.0,0.0,19.0,52.0,24.0,0.0,0.0,10.0,0.0,0.0,0.0,0.0,12.0,344.0,0.0,0.0,0.0,0.0,0.0,0.0,0.0,203.0,0.0,84.0,0.0,0.0,1.0,0.0,0.0,20.0,26.0,0.0,17.0,0.0,0.0,23.0,0.0,0.0,0.0,1.0,235.0,0.0,0.0,0.0,0.0,38.0,0.0,0.0,55.0,0.0,0.0,0.0,0.0,7.0,5.0,32.0,11.0,0.0,0.0,0.0,3.0,22.0,0.0,0.0,0.0,0.0,0.0,0.0,0.0,48.0,0.0,0.0,14.0,0.0,0.0,27.0,0.0,0.0,0.0,0.0,0.0,0.0,0.0,0.0,0.0,0.0,0.0,0.0,72.0,0.0,9.0,0.0,42.0,6.0,48.0,33.0,0.0,0.0,0.0,0.0,0.0,0.0,0.0,0.0,0.0,1.0,0.0,0.0,0.0,0.0,0.0,379.0,0.0,0.0,0.0,0.0,0.0,0.0,51.0,0.0,0.0,0.0,0.0,0.0,0.0,10.0,0.0,0.0,0.0,0.0,0.0,0.0,0.0,0.0,113.0,0.0,0.0,0.0,0.0,0.0,0.0,0.0,16.0,51.0,0.0,0.0,0.0,0.0,0.0,17.0,4.0,0.0,0.0,0.0,0.0,0.0,0.0,0.0,5.0,0.0,31.0,0.0,0.0,2.0,0.0,14.0,0.0,0.0,0.0,0.0,0.0,12.0,0.0,12.0,0.0,0.0,0.0,0.0,0.0,0.0,0.0,0.0,0.0,0.0,0.0,0.0,8.0,0.0,0.0,0.0,73.0,0.0,45.0,18.0,0.0,55.0,0.0,0.0,0.0,0.0,0.0,0.0,0.0,0.0,0.0,0.0,0.0,0.0,0.0,0.0,18.0,27.0,7.0,0.0,0.0,34.0,0.0,0.0,17.0,0.0,0.0,0.0,18.0,0.0,0.0,0.0,0.0,0.0,0.0,17.0,12.0,0.0,0.0,9.0,0.0,0.0,0.0,0.0,0.0,0.0,0.0,0.0,0.0,0.0,68.0,55.0,0.0,0.0,0.0,15.0,0.0,0.0,0.0,0.0,10.0,30.0,0.0,0.0,0.0,0.0,22.0,99.0,0.0,53.0,0.0,0.0,85.0,22.0,2016-02-01
2016-03-01,3.0,0.0,31.0,8.0,0.0,0.0,0.0,0.0,23.0,0.0,0.0,0.0,0.0,0.0,0.0,0.0,0.0,0.0,20.0,0.0,0.0,54.0,25.0,22.0,0.0,1.0,9.0,0.0,0.0,0.0,0.0,11.0,290.0,0.0,0.0,0.0,0.0,0.0,0.0,0.0,184.0,0.0,85.0,0.0,0.0,1.0,0.0,0.0,26.0,29.0,8.0,5.0,0.0,0.0,20.0,0.0,0.0,0.0,2.0,180.0,0.0,0.0,0.0,0.0,17.0,0.0,0.0,50.0,0.0,0.0,0.0,0.0,1.0,5.0,10.0,8.0,0.0,0.0,0.0,2.0,20.0,0.0,0.0,0.0,0.0,0.0,0.0,0.0,45.0,0.0,0.0,15.0,0.0,3.0,28.0,0.0,0.0,0.0,0.0,0.0,0.0,0.0,0.0,0.0,0.0,0.0,0.0,62.0,0.0,8.0,0.0,39.0,5.0,44.0,30.0,0.0,0.0,0.0,0.0,0.0,0.0,0.0,0.0,0.0,1.0,0.0,0.0,0.0,0.0,0.0,332.0,0.0,0.0,0.0,0.0,0.0,0.0,42.0,0.0,0.0,0.0,0.0,0.0,0.0,8.0,0.0,0.0,0.0,0.0,0.0,0.0,0.0,0.0,104.0,0.0,0.0,0.0,0.0,0.0,16.0,0.0,16.0,52.0,0.0,0.0,0.0,0.0,0.0,5.0,4.0,0.0,0.0,0.0,0.0,0.0,0.0,0.0,4.0,0.0,23.0,0.0,0.0,3.0,21.0,32.0,0.0,0.0,0.0,0.0,0.0,14.0,0.0,15.0,0.0,0.0,0.0,0.0,0.0,0.0,0.0,0.0,0.0,0.0,0.0,0.0,7.0,0.0,0.0,0.0,63.0,0.0,43.0,14.0,0.0,61.0,0.0,0.0,0.0,0.0,0.0,0.0,0.0,0.0,0.0,0.0,0.0,0.0,0.0,0.0,13.0,22.0,75.0,0.0,0.0,27.0,0.0,0.0,17.0,0.0,0.0,0.0,12.0,4.0,0.0,0.0,0.0,6.0,38.0,13.0,11.0,0.0,2.0,8.0,0.0,0.0,0.0,0.0,0.0,9.0,0.0,0.0,0.0,0.0,37.0,411.0,0.0,0.0,0.0,9.0,0.0,0.0,0.0,0.0,9.0,25.0,0.0,0.0,0.0,0.0,21.0,89.0,0.0,9.0,0.0,0.0,61.0,20.0,2016-03-01
2016-04-01,6.0,0.0,26.0,4.0,0.0,0.0,0.0,0.0,21.0,0.0,0.0,0.0,0.0,0.0,0.0,0.0,13.0,0.0,19.0,0.0,0.0,26.0,14.0,14.0,0.0,1.0,8.0,0.0,0.0,0.0,0.0,10.0,260.0,0.0,0.0,0.0,0.0,0.0,0.0,0.0,175.0,0.0,79.0,0.0,0.0,11.0,0.0,0.0,22.0,15.0,266.0,2.0,0.0,0.0,19.0,0.0,0.0,0.0,0.0,217.0,0.0,0.0,0.0,0.0,19.0,0.0,0.0,48.0,0.0,0.0,0.0,0.0,0.0,5.0,5.0,6.0,19.0,0.0,0.0,1.0,20.0,0.0,0.0,0.0,0.0,0.0,1.0,0.0,37.0,0.0,0.0,3.0,0.0,3.0,23.0,0.0,0.0,0.0,0.0,0.0,0.0,0.0,0.0,8.0,0.0,0.0,0.0,57.0,0.0,9.0,0.0,36.0,5.0,51.0,30.0,0.0,0.0,0.0,0.0,0.0,0.0,0.0,0.0,0.0,2.0,0.0,0.0,0.0,0.0,0.0,298.0,0.0,0.0,0.0,0.0,0.0,0.0,30.0,0.0,0.0,0.0,0.0,0.0,0.0,8.0,0.0,0.0,0.0,0.0,0.0,6.0,0.0,0.0,90.0,0.0,0.0,0.0,0.0,0.0,10.0,0.0,13.0,48.0,0.0,0.0,0.0,0.0,0.0,3.0,3.0,0.0,0.0,2.0,0.0,0.0,0.0,0.0,3.0,0.0,29.0,0.0,0.0,3.0,23.0,17.0,0.0,0.0,0.0,0.0,0.0,12.0,0.0,14.0,0.0,0.0,0.0,0.0,0.0,0.0,0.0,0.0,0.0,0.0,0.0,0.0,6.0,0.0,0.0,0.0,61.0,0.0,39.0,15.0,0.0,60.0,0.0,0.0,0.0,0.0,0.0,0.0,0.0,0.0,0.0,0.0,0.0,0.0,0.0,0.0,11.0,20.0,21.0,0.0,0.0,18.0,3.0,0.0,14.0,0.0,0.0,0.0,11.0,3.0,0.0,0.0,0.0,6.0,20.0,14.0,10.0,0.0,2.0,7.0,0.0,0.0,0.0,0.0,0.0,8.0,0.0,0.0,0.0,0.0,31.0,137.0,0.0,0.0,0.0,7.0,0.0,0.0,0.0,0.0,8.0,20.0,0.0,0.0,0.0,0.0,19.0,82.0,0.0,3.0,0.0,0.0,45.0,19.0,2016-04-01
2016-05-01,5.0,0.0,35.0,4.0,0.0,0.0,0.0,0.0,24.0,0.0,0.0,0.0,0.0,0.0,0.0,0.0,35.0,0.0,34.0,0.0,0.0,17.0,10.0,11.0,0.0,0.0,9.0,0.0,0.0,0.0,0.0,10.0,280.0,0.0,0.0,0.0,0.0,0.0,0.0,0.0,178.0,0.0,92.0,0.0,0.0,77.0,0.0,0.0,17.0,7.0,142.0,2.0,0.0,0.0,26.0,0.0,0.0,0.0,0.0,218.0,0.0,0.0,0.0,0.0,46.0,0.0,0.0,53.0,0.0,0.0,0.0,0.0,0.0,6.0,6.0,8.0,9.0,0.0,0.0,1.0,25.0,0.0,0.0,0.0,0.0,0.0,1.0,0.0,64.0,0.0,0.0,2.0,0.0,17.0,26.0,0.0,0.0,0.0,0.0,0.0,0.0,0.0,0.0,0.0,0.0,0.0,0.0,67.0,0.0,9.0,0.0,38.0,7.0,57.0,27.0,0.0,0.0,0.0,0.0,0.0,0.0,0.0,0.0,0.0,1.0,0.0,0.0,0.0,0.0,0.0,341.0,0.0,0.0,0.0,0.0,0.0,0.0,34.0,0.0,0.0,0.0,0.0,0.0,0.0,8.0,0.0,0.0,0.0,0.0,0.0,7.0,0.0,0.0,101.0,0.0,0.0,0.0,0.0,0.0,10.0,0.0,14.0,53.0,0.0,0.0,0.0,0.0,0.0,3.0,4.0,0.0,0.0,1.0,0.0,0.0,0.0,0.0,6.0,0.0,391.0,0.0,0.0,2.0,20.0,13.0,0.0,0.0,2.0,0.0,0.0,12.0,0.0,15.0,0.0,0.0,0.0,0.0,0.0,0.0,0.0,0.0,0.0,0.0,1.0,0.0,8.0,0.0,0.0,12.0,62.0,0.0,50.0,19.0,0.0,63.0,0.0,0.0,0.0,0.0,0.0,0.0,0.0,0.0,0.0,0.0,0.0,0.0,0.0,0.0,11.0,21.0,11.0,0.0,17.0,15.0,6.0,0.0,13.0,0.0,0.0,0.0,12.0,6.0,0.0,0.0,0.0,8.0,14.0,15.0,11.0,0.0,3.0,8.0,0.0,0.0,0.0,0.0,3.0,19.0,0.0,0.0,0.0,0.0,49.0,86.0,0.0,0.0,62.0,6.0,0.0,0.0,0.0,0.0,8.0,25.0,0.0,0.0,0.0,0.0,20.0,93.0,0.0,4.0,0.0,0.0,48.0,22.0,2016-05-01
2016-06-01,12.0,0.0,33.0,3.0,0.0,0.0,0.0,0.0,22.0,0.0,0.0,0.0,0.0,0.0,0.0,0.0,7.0,0.0,32.0,0.0,0.0,9.0,8.0,8.0,0.0,0.0,9.0,0.0,0.0,0.0,0.0,12.0,214.0,0.0,0.0,0.0,0.0,0.0,0.0,0.0,131.0,0.0,82.0,0.0,0.0,19.0,0.0,0.0,11.0,5.0,47.0,2.0,0.0,0.0,28.0,0.0,52.0,0.0,0.0,187.0,0.0,0.0,0.0,0.0,15.0,0.0,0.0,38.0,0.0,0.0,0.0,0.0,0.0,5.0,5.0,6.0,3.0,0.0,0.0,0.0,19.0,0.0,0.0,0.0,0.0,0.0,0.0,0.0,51.0,0.0,0.0,1.0,0.0,9.0,26.0,0.0,0.0,0.0,0.0,0.0,0.0,0.0,0.0,0.0,0.0,0.0,0.0,90.0,0.0,8.0,0.0,29.0,6.0,39.0,20.0,0.0,0.0,0.0,0.0,0.0,0.0,0.0,0.0,0.0,2.0,0.0,0.0,0.0,0.0,0.0,244.0,0.0,0.0,0.0,0.0,0.0,0.0,25.0,0.0,0.0,0.0,0.0,0.0,0.0,7.0,0.0,0.0,0.0,0.0,0.0,6.0,0.0,0.0,105.0,0.0,0.0,0.0,0.0,0.0,8.0,0.0,12.0,63.0,0.0,0.0,0.0,0.0,0.0,3.0,3.0,0.0,0.0,0.0,0.0,0.0,0.0,0.0,5.0,0.0,421.0,0.0,0.0,1.0,15.0,22.0,0.0,0.0,1.0,0.0,0.0,9.0,0.0,16.0,0.0,0.0,0.0,0.0,0.0,0.0,0.0,0.0,0.0,0.0,1.0,3.0,8.0,0.0,0.0,14.0,49.0,0.0,43.0,14.0,0.0,47.0,0.0,0.0,0.0,0.0,0.0,0.0,0.0,0.0,0.0,0.0,0.0,0.0,0.0,0.0,8.0,18.0,6.0,0.0,3.0,10.0,5.0,0.0,11.0,0.0,0.0,0.0,11.0,4.0,0.0,0.0,0.0,10.0,6.0,16.0,13.0,0.0,4.0,6.0,0.0,0.0,0.0,0.0,5.0,32.0,0.0,0.0,0.0,0.0,44.0,52.0,0.0,0.0,14.0,5.0,0.0,0.0,0.0,0.0,7.0,20.0,0.0,0.0,0.0,0.0,18.0,83.0,0.0,2.0,0.0,0.0,37.0,19.0,2016-06-01
2016-07-01,64.0,0.0,32.0,4.0,0.0,0.0,0.0,0.0,30.0,0.0,0.0,0.0,0.0,0.0,0.0,0.0,5.0,3.0,36.0,0.0,0.0,12.0,9.0,10.0,0.0,0.0,14.0,0.0,0.0,0.0,0.0,16.0,317.0,0.0,0.0,0.0,0.0,0.0,0.0,0.0,163.0,0.0,94.0,0.0,0.0,13.0,0.0,0.0,10.0,6.0,40.0,3.0,0.0,0.0,28.0,0.0,59.0,0.0,0.0,257.0,0.0,0.0,0.0,0.0,11.0,0.0,0.0,47.0,0.0,0.0,0.0,0.0,1.0,7.0,8.0,7.0,3.0,0.0,0.0,21.0,21.0,0.0,0.0,0.0,0.0,0.0,0.0,0.0,45.0,0.0,0.0,2.0,0.0,5.0,29.0,0.0,0.0,0.0,0.0,0.0,0.0,0.0,0.0,0.0,0.0,0.0,0.0,123.0,0.0,9.0,0.0,43.0,8.0,37.0,22.0,0.0,0.0,0.0,0.0,0.0,0.0,0.0,0.0,0.0,1.0,0.0,0.0,0.0,0.0,0.0,277.0,0.0,0.0,0.0,0.0,0.0,0.0,27.0,0.0,0.0,0.0,0.0,0.0,0.0,8.0,0.0,0.0,0.0,0.0,0.0,8.0,0.0,0.0,127.0,0.0,0.0,0.0,0.0,0.0,9.0,0.0,14.0,92.0,0.0,0.0,0.0,0.0,0.0,3.0,18.0,0.0,0.0,0.0,0.0,0.0,0.0,0.0,6.0,0.0,353.0,0.0,0.0,2.0,24.0,15.0,0.0,0.0,1.0,0.0,0.0,11.0,14.0,16.0,0.0,0.0,0.0,0.0,0.0,0.0,0.0,0.0,0.0,0.0,1.0,0.0,10.0,0.0,0.0,22.0,54.0,0.0,48.0,23.0,0.0,56.0,0.0,0.0,0.0,0.0,0.0,0.0,0.0,0.0,0.0,0.0,0.0,0.0,0.0,0.0,11.0,20.0,8.0,0.0,1.0,19.0,6.0,0.0,11.0,0.0,0.0,0.0,11.0,4.0,0.0,0.0,0.0,12.0,6.0,19.0,15.0,0.0,5.0,10.0,0.0,0.0,0.0,0.0,4.0,19.0,0.0,0.0,0.0,0.0,72.0,52.0,0.0,0.0,12.0,6.0,0.0,0.0,0.0,0.0,10.0,28.0,0.0,0.0,0.0,0.0,21.0,115.0,0.0,4.0,0.0,0.0,43.0,24.0,2016-07-01
2016-08-01,35.0,0.0,25.0,3.0,0.0,0.0,0.0,0.0,25.0,0.0,0.0,0.0,0.0,0.0,0.0,0.0,4.0,17.0,31.0,0.0,0.0,10.0,7.0,9.0,0.0,0.0,10.0,0.0,0.0,0.0,0.0,13.0,255.0,0.0,0.0,0.0,0.0,0.0,0.0,0.0,150.0,0.0,93.0,0.0,0.0,9.0,0.0,0.0,9.0,4.0,29.0,2.0,0.0,0.0,17.0,0.0,58.0,0.0,0.0,244.0,0.0,0.0,14.0,0.0,30.0,0.0,0.0,43.0,0.0,0.0,0.0,0.0,1.0,6.0,5.0,8.0,1.0,0.0,0.0,8.0,18.0,0.0,0.0,0.0,0.0,0.0,0.0,0.0,42.0,0.0,0.0,1.0,0.0,5.0,24.0,0.0,0.0,0.0,0.0,0.0,0.0,0.0,0.0,0.0,0.0,0.0,0.0,82.0,0.0,9.0,0.0,34.0,7.0,38.0,19.0,0.0,0.0,0.0,0.0,0.0,0.0,0.0,0.0,0.0,2.0,0.0,0.0,0.0,0.0,0.0,283.0,0.0,0.0,0.0,0.0,0.0,0.0,14.0,32.0,0.0,0.0,0.0,0.0,0.0,8.0,0.0,0.0,0.0,0.0,0.0,7.0,0.0,0.0,99.0,0.0,0.0,0.0,0.0,0.0,8.0,0.0,12.0,69.0,0.0,0.0,0.0,0.0,0.0,2.0,15.0,0.0,0.0,2.0,0.0,123.0,0.0,0.0,4.0,0.0,260.0,0.0,0.0,2.0,25.0,9.0,0.0,0.0,0.0,0.0,0.0,10.0,6.0,19.0,0.0,0.0,0.0,0.0,0.0,0.0,0.0,0.0,0.0,0.0,4.0,0.0,10.0,0.0,0.0,17.0,49.0,0.0,42.0,19.0,0.0,51.0,0.0,0.0,0.0,0.0,0.0,0.0,0.0,0.0,0.0,0.0,0.0,0.0,0.0,0.0,8.0,18.0,5.0,0.0,0.0,13.0,3.0,0.0,12.0,0.0,0.0,0.0,11.0,3.0,0.0,0.0,0.0,8.0,3.0,15.0,18.0,0.0,3.0,8.0,0.0,0.0,0.0,0.0,4.0,11.0,0.0,10.0,0.0,0.0,95.0,30.0,0.0,0.0,8.0,4.0,0.0,0.0,0.0,0.0,13.0,22.0,0.0,0.0,0.0,0.0,18.0,179.0,0.0,3.0,0.0,0.0,52.0,22.0,2016-08-01
2016-09-01,29.0,0.0,46.0,3.0,0.0,0.0,0.0,0.0,29.0,0.0,0.0,0.0,0.0,0.0,0.0,0.0,2.0,51.0,28.0,0.0,16.0,12.0,9.0,10.0,0.0,1.0,11.0,0.0,0.0,0.0,0.0,12.0,264.0,0.0,0.0,0.0,0.0,0.0,0.0,0.0,162.0,0.0,117.0,0.0,0.0,7.0,0.0,0.0,10.0,6.0,35.0,2.0,0.0,0.0,21.0,0.0,52.0,0.0,0.0,413.0,0.0,0.0,8.0,0.0,14.0,0.0,1.0,63.0,0.0,0.0,0.0,0.0,1.0,8.0,6.0,10.0,2.0,0.0,0.0,4.0,11.0,12.0,0.0,0.0,0.0,0.0,1.0,0.0,52.0,0.0,0.0,1.0,0.0,5.0,33.0,0.0,0.0,11.0,0.0,18.0,0.0,0.0,0.0,0.0,0.0,0.0,0.0,65.0,0.0,12.0,0.0,38.0,8.0,42.0,24.0,0.0,0.0,0.0,0.0,0.0,0.0,0.0,0.0,0.0,3.0,0.0,0.0,0.0,0.0,0.0,359.0,0.0,0.0,0.0,0.0,0.0,0.0,1.0,68.0,0.0,0.0,0.0,0.0,0.0,8.0,0.0,0.0,0.0,0.0,0.0,8.0,0.0,0.0,91.0,0.0,0.0,0.0,0.0,0.0,8.0,0.0,12.0,31.0,62.0,0.0,0.0,0.0,0.0,3.0,10.0,0.0,0.0,0.0,0.0,8.0,0.0,0.0,4.0,0.0,305.0,0.0,0.0,10.0,31.0,34.0,2.0,0.0,1.0,0.0,0.0,15.0,2.0,20.0,0.0,0.0,0.0,0.0,0.0,0.0,0.0,0.0,0.0,0.0,16.0,0.0,13.0,0.0,0.0,14.0,66.0,0.0,49.0,20.0,0.0,58.0,0.0,0.0,0.0,0.0,0.0,0.0,0.0,0.0,0.0,0.0,0.0,0.0,0.0,0.0,11.0,21.0,5.0,0.0,0.0,14.0,3.0,0.0,13.0,0.0,0.0,0.0,13.0,4.0,0.0,0.0,0.0,7.0,3.0,16.0,16.0,0.0,3.0,9.0,0.0,0.0,0.0,0.0,5.0,15.0,0.0,0.0,0.0,0.0,83.0,26.0,0.0,0.0,8.0,4.0,0.0,0.0,0.0,0.0,10.0,22.0,0.0,0.0,0.0,0.0,21.0,339.0,0.0,4.0,0.0,0.0,80.0,25.0,2016-09-01
2016-10-01,27.0,0.0,28.0,2.0,0.0,0.0,0.0,0.0,27.0,0.0,0.0,0.0,0.0,0.0,0.0,0.0,1.0,116.0,18.0,0.0,22.0,11.0,7.0,10.0,0.0,0.0,8.0,0.0,0.0,0.0,0.0,8.0,170.0,41.0,0.0,3.0,0.0,0.0,0.0,0.0,147.0,0.0,113.0,0.0,0.0,7.0,0.0,0.0,10.0,5.0,47.0,4.0,0.0,0.0,17.0,0.0,41.0,0.0,0.0,373.0,0.0,0.0,1.0,0.0,16.0,0.0,0.0,52.0,0.0,0.0,12.0,0.0,0.0,8.0,5.0,8.0,1.0,0.0,0.0,2.0,0.0,29.0,0.0,0.0,0.0,0.0,1.0,0.0,30.0,0.0,0.0,0.0,0.0,3.0,39.0,0.0,0.0,0.0,0.0,22.0,0.0,0.0,0.0,85.0,0.0,0.0,0.0,66.0,0.0,9.0,0.0,29.0,7.0,37.0,23.0,0.0,0.0,0.0,0.0,0.0,0.0,5.0,0.0,0.0,2.0,0.0,0.0,0.0,0.0,0.0,325.0,0.0,0.0,0.0,0.0,0.0,0.0,1.0,47.0,0.0,0.0,0.0,0.0,37.0,8.0,0.0,0.0,0.0,0.0,0.0,4.0,0.0,0.0,79.0,0.0,0.0,0.0,0.0,0.0,7.0,0.0,10.0,5.0,63.0,0.0,0.0,0.0,0.0,2.0,6.0,0.0,0.0,0.0,0.0,1.0,0.0,0.0,8.0,2.0,261.0,0.0,0.0,16.0,41.0,21.0,1.0,0.0,1.0,0.0,1.0,13.0,0.0,17.0,0.0,0.0,0.0,0.0,0.0,0.0,0.0,0.0,0.0,0.0,6.0,0.0,12.0,0.0,0.0,13.0,54.0,0.0,47.0,16.0,0.0,51.0,0.0,0.0,0.0,0.0,0.0,0.0,17.0,0.0,0.0,0.0,0.0,0.0,0.0,0.0,6.0,21.0,18.0,0.0,1.0,12.0,1.0,0.0,11.0,0.0,0.0,0.0,11.0,3.0,0.0,0.0,0.0,7.0,1.0,13.0,25.0,0.0,2.0,8.0,0.0,0.0,0.0,0.0,4.0,10.0,0.0,9.0,0.0,0.0,65.0,24.0,0.0,0.0,5.0,4.0,0.0,0.0,0.0,0.0,3.0,14.0,0.0,0.0,0.0,0.0,19.0,230.0,0.0,7.0,0.0,0.0,137.0,22.0,2016-10-01
2016-11-01,22.0,0.0,21.0,2.0,0.0,0.0,0.0,0.0,26.0,0.0,0.0,0.0,0.0,0.0,0.0,0.0,1.0,106.0,7.0,0.0,8.0,12.0,5.0,10.0,0.0,0.0,9.0,0.0,0.0,0.0,0.0,5.0,48.0,99.0,0.0,78.0,0.0,0.0,0.0,0.0,128.0,0.0,101.0,0.0,0.0,5.0,0.0,0.0,8.0,4.0,30.0,3.0,0.0,0.0,17.0,0.0,42.0,0.0,0.0,305.0,0.0,0.0,0.0,0.0,18.0,19.0,0.0,43.0,0.0,0.0,13.0,0.0,1.0,7.0,4.0,6.0,1.0,0.0,0.0,0.0,0.0,18.0,0.0,0.0,0.0,0.0,0.0,0.0,24.0,0.0,0.0,1.0,0.0,3.0,30.0,47.0,0.0,0.0,0.0,9.0,0.0,0.0,0.0,27.0,0.0,0.0,0.0,51.0,0.0,7.0,0.0,24.0,6.0,37.0,32.0,0.0,0.0,0.0,0.0,0.0,0.0,8.0,0.0,0.0,6.0,0.0,0.0,0.0,0.0,0.0,281.0,0.0,0.0,0.0,0.0,0.0,0.0,1.0,38.0,0.0,0.0,0.0,0.0,4.0,7.0,0.0,0.0,0.0,0.0,0.0,3.0,0.0,0.0,72.0,0.0,0.0,0.0,0.0,0.0,5.0,0.0,8.0,4.0,49.0,0.0,0.0,0.0,0.0,1.0,5.0,0.0,0.0,0.0,0.0,3.0,0.0,0.0,4.0,0.0,244.0,5.0,0.0,12.0,23.0,12.0,0.0,0.0,0.0,0.0,18.0,12.0,0.0,9.0,26.0,0.0,0.0,0.0,0.0,0.0,0.0,0.0,0.0,0.0,4.0,0.0,12.0,0.0,0.0,12.0,47.0,0.0,46.0,17.0,0.0,43.0,0.0,0.0,0.0,0.0,0.0,0.0,9.0,0.0,0.0,0.0,0.0,0.0,0.0,0.0,4.0,19.0,10.0,0.0,1.0,10.0,1.0,0.0,9.0,0.0,0.0,0.0,8.0,4.0,0.0,0.0,0.0,8.0,1.0,14.0,71.0,0.0,3.0,6.0,0.0,0.0,0.0,0.0,5.0,8.0,0.0,28.0,0.0,0.0,66.0,48.0,0.0,0.0,4.0,3.0,0.0,0.0,0.0,0.0,0.0,20.0,0.0,17.0,0.0,0.0,16.0,160.0,0.0,3.0,0.0,0.0,115.0,19.0,2016-11-01
2016-12-01,27.0,0.0,48.0,4.0,0.0,0.0,0.0,0.0,32.0,0.0,0.0,0.0,0.0,0.0,0.0,0.0,1.0,89.0,8.0,0.0,10.0,17.0,7.0,13.0,0.0,0.0,10.0,0.0,0.0,0.0,0.0,6.0,59.0,73.0,0.0,62.0,0.0,0.0,0.0,0.0,168.0,0.0,120.0,0.0,0.0,9.0,0.0,0.0,12.0,5.0,29.0,5.0,0.0,0.0,22.0,0.0,50.0,0.0,0.0,438.0,0.0,0.0,1.0,0.0,14.0,7.0,0.0,56.0,0.0,0.0,7.0,0.0,1.0,7.0,6.0,7.0,2.0,0.0,0.0,0.0,0.0,23.0,0.0,0.0,0.0,0.0,1.0,0.0,27.0,0.0,0.0,2.0,0.0,4.0,25.0,187.0,0.0,0.0,0.0,14.0,0.0,12.0,0.0,26.0,0.0,0.0,0.0,98.0,0.0,10.0,0.0,35.0,7.0,53.0,36.0,0.0,0.0,0.0,13.0,0.0,0.0,8.0,0.0,0.0,6.0,0.0,0.0,0.0,0.0,0.0,384.0,23.0,0.0,0.0,0.0,0.0,0.0,1.0,60.0,0.0,0.0,0.0,0.0,3.0,8.0,0.0,0.0,0.0,0.0,0.0,4.0,0.0,0.0,96.0,0.0,0.0,0.0,0.0,0.0,6.0,0.0,9.0,7.0,70.0,0.0,0.0,0.0,0.0,2.0,5.0,0.0,0.0,0.0,0.0,5.0,0.0,0.0,30.0,0.0,376.0,2.0,0.0,12.0,37.0,47.0,0.0,0.0,1.0,0.0,10.0,13.0,0.0,0.0,30.0,0.0,0.0,0.0,0.0,0.0,0.0,0.0,0.0,0.0,4.0,2.0,13.0,0.0,0.0,17.0,66.0,0.0,56.0,22.0,0.0,54.0,0.0,0.0,0.0,0.0,0.0,0.0,3.0,0.0,0.0,0.0,0.0,0.0,0.0,0.0,0.0,23.0,17.0,0.0,1.0,16.0,5.0,0.0,10.0,0.0,0.0,0.0,10.0,5.0,0.0,0.0,0.0,11.0,1.0,13.0,38.0,0.0,7.0,12.0,0.0,0.0,0.0,0.0,5.0,12.0,0.0,23.0,0.0,0.0,94.0,71.0,0.0,0.0,9.0,4.0,0.0,0.0,0.0,0.0,0.0,32.0,0.0,13.0,0.0,0.0,22.0,171.0,0.0,4.0,0.0,0.0,162.0,24.0,2016-12-01
2017-01-01,36.0,0.0,59.0,4.0,0.0,0.0,0.0,0.0,35.0,0.0,0.0,0.0,0.0,0.0,0.0,0.0,2.0,96.0,11.0,0.0,7.0,22.0,9.0,19.0,0.0,1.0,28.0,0.0,0.0,0.0,0.0,7.0,75.0,85.0,0.0,57.0,0.0,0.0,0.0,5.0,206.0,0.0,138.0,0.0,0.0,11.0,0.0,0.0,14.0,8.0,41.0,8.0,0.0,0.0,25.0,0.0,46.0,0.0,0.0,414.0,0.0,0.0,1.0,0.0,49.0,5.0,0.0,70.0,0.0,0.0,5.0,0.0,1.0,10.0,9.0,16.0,4.0,0.0,0.0,0.0,0.0,24.0,0.0,0.0,0.0,0.0,1.0,0.0,34.0,0.0,0.0,2.0,0.0,5.0,38.0,57.0,0.0,30.0,0.0,16.0,0.0,0.0,0.0,30.0,0.0,0.0,0.0,120.0,0.0,10.0,0.0,40.0,10.0,43.0,38.0,0.0,0.0,0.0,32.0,0.0,0.0,10.0,0.0,0.0,5.0,0.0,0.0,0.0,0.0,0.0,440.0,8.0,0.0,0.0,0.0,0.0,0.0,1.0,69.0,0.0,0.0,0.0,0.0,3.0,9.0,0.0,0.0,0.0,0.0,0.0,6.0,0.0,0.0,111.0,0.0,0.0,0.0,0.0,0.0,6.0,0.0,10.0,5.0,79.0,0.0,0.0,0.0,0.0,3.0,6.0,0.0,0.0,2.0,0.0,1.0,0.0,0.0,18.0,0.0,452.0,0.0,0.0,21.0,31.0,33.0,0.0,0.0,1.0,0.0,3.0,17.0,0.0,0.0,24.0,0.0,0.0,0.0,0.0,0.0,0.0,0.0,0.0,0.0,7.0,118.0,14.0,0.0,0.0,21.0,75.0,0.0,66.0,29.0,0.0,76.0,0.0,0.0,0.0,0.0,0.0,0.0,3.0,0.0,0.0,0.0,0.0,0.0,0.0,0.0,0.0,25.0,23.0,0.0,2.0,17.0,7.0,0.0,10.0,0.0,0.0,0.0,11.0,5.0,0.0,0.0,0.0,11.0,3.0,18.0,35.0,0.0,19.0,10.0,0.0,0.0,0.0,0.0,9.0,19.0,0.0,19.0,0.0,0.0,132.0,70.0,0.0,0.0,9.0,5.0,0.0,0.0,0.0,0.0,0.0,38.0,0.0,9.0,0.0,0.0,26.0,216.0,0.0,14.0,0.0,0.0,214.0,27.0,2017-01-01
2017-02-01,24.0,0.0,49.0,3.0,0.0,0.0,0.0,0.0,27.0,0.0,0.0,0.0,0.0,0.0,0.0,0.0,2.0,62.0,10.0,0.0,4.0,23.0,10.0,14.0,0.0,1.0,14.0,0.0,0.0,0.0,0.0,6.0,70.0,84.0,0.0,40.0,0.0,0.0,0.0,66.0,203.0,0.0,138.0,0.0,0.0,5.0,0.0,0.0,12.0,7.0,31.0,8.0,0.0,0.0,18.0,0.0,34.0,0.0,0.0,326.0,0.0,0.0,1.0,0.0,23.0,3.0,0.0,63.0,0.0,0.0,3.0,0.0,0.0,10.0,7.0,13.0,6.0,0.0,0.0,0.0,0.0,21.0,0.0,0.0,0.0,0.0,1.0,0.0,30.0,0.0,0.0,1.0,0.0,4.0,39.0,23.0,0.0,164.0,0.0,11.0,0.0,0.0,0.0,22.0,0.0,0.0,0.0,82.0,0.0,12.0,0.0,35.0,9.0,37.0,37.0,6.0,0.0,0.0,39.0,1.0,0.0,7.0,0.0,0.0,4.0,0.0,0.0,0.0,0.0,0.0,385.0,2.0,0.0,0.0,0.0,0.0,0.0,1.0,58.0,0.0,0.0,0.0,0.0,2.0,10.0,0.0,0.0,0.0,0.0,0.0,4.0,0.0,0.0,89.0,0.0,0.0,0.0,0.0,0.0,5.0,0.0,12.0,4.0,68.0,0.0,0.0,0.0,0.0,5.0,6.0,0.0,0.0,82.0,0.0,1.0,0.0,0.0,7.0,0.0,363.0,4.0,0.0,18.0,25.0,20.0,0.0,0.0,2.0,0.0,1.0,17.0,0.0,0.0,21.0,0.0,0.0,0.0,0.0,0.0,0.0,0.0,0.0,0.0,4.0,101.0,16.0,0.0,0.0,16.0,68.0,0.0,62.0,34.0,0.0,68.0,0.0,0.0,0.0,0.0,0.0,0.0,2.0,0.0,0.0,0.0,0.0,0.0,0.0,0.0,0.0,22.0,21.0,0.0,1.0,14.0,5.0,0.0,10.0,0.0,0.0,0.0,11.0,4.0,0.0,0.0,0.0,10.0,2.0,25.0,32.0,0.0,7.0,8.0,0.0,0.0,0.0,0.0,9.0,16.0,0.0,12.0,0.0,23.0,167.0,46.0,0.0,0.0,6.0,5.0,0.0,0.0,0.0,0.0,0.0,29.0,0.0,4.0,0.0,0.0,24.0,193.0,0.0,10.0,0.0,0.0,211.0,26.0,2017-02-01
2017-03-01,17.0,0.0,27.0,2.0,0.0,0.0,0.0,0.0,16.0,0.0,0.0,0.0,0.0,0.0,0.0,0.0,1.0,33.0,6.0,0.0,2.0,17.0,7.0,8.0,0.0,0.0,11.0,0.0,0.0,0.0,0.0,4.0,39.0,45.0,0.0,24.0,0.0,0.0,0.0,6.0,121.0,0.0,104.0,0.0,0.0,3.0,0.0,0.0,7.0,4.0,34.0,4.0,0.0,0.0,10.0,0.0,22.0,0.0,0.0,189.0,0.0,0.0,0.0,0.0,10.0,1.0,0.0,38.0,0.0,0.0,2.0,0.0,0.0,8.0,2.0,6.0,2.0,1.0,0.0,4.0,0.0,14.0,0.0,0.0,0.0,0.0,0.0,0.0,14.0,0.0,0.0,1.0,0.0,3.0,21.0,8.0,0.0,35.0,0.0,6.0,0.0,0.0,0.0,14.0,0.0,0.0,0.0,44.0,0.0,8.0,0.0,21.0,5.0,29.0,22.0,65.0,0.0,0.0,42.0,0.0,0.0,6.0,0.0,0.0,3.0,0.0,0.0,3.0,0.0,0.0,220.0,0.0,0.0,0.0,0.0,0.0,0.0,0.0,26.0,0.0,0.0,0.0,0.0,0.0,9.0,0.0,0.0,0.0,0.0,48.0,2.0,0.0,0.0,56.0,0.0,0.0,0.0,0.0,0.0,3.0,0.0,9.0,2.0,44.0,0.0,0.0,0.0,0.0,1.0,4.0,0.0,32.0,8.0,0.0,3.0,0.0,0.0,3.0,0.0,231.0,107.0,0.0,15.0,15.0,39.0,0.0,0.0,1.0,0.0,1.0,14.0,0.0,0.0,15.0,0.0,0.0,0.0,0.0,0.0,0.0,0.0,0.0,0.0,2.0,15.0,13.0,0.0,0.0,10.0,47.0,0.0,49.0,19.0,0.0,40.0,0.0,0.0,0.0,0.0,0.0,0.0,1.0,0.0,0.0,0.0,0.0,0.0,0.0,0.0,0.0,16.0,11.0,0.0,0.0,10.0,3.0,0.0,7.0,0.0,0.0,0.0,7.0,3.0,0.0,0.0,0.0,5.0,0.0,13.0,16.0,0.0,3.0,5.0,0.0,98.0,0.0,0.0,5.0,8.0,0.0,6.0,0.0,44.0,78.0,25.0,0.0,0.0,3.0,2.0,0.0,0.0,0.0,0.0,0.0,18.0,0.0,1.0,0.0,0.0,15.0,102.0,0.0,3.0,0.0,0.0,142.0,16.0,2017-03-01
2017-04-01,14.0,0.0,27.0,2.0,0.0,0.0,0.0,0.0,16.0,0.0,0.0,0.0,0.0,0.0,0.0,0.0,0.0,26.0,5.0,0.0,3.0,17.0,8.0,8.0,0.0,0.0,12.0,0.0,0.0,0.0,0.0,25.0,37.0,38.0,0.0,24.0,0.0,0.0,0.0,2.0,122.0,0.0,104.0,0.0,0.0,3.0,0.0,0.0,11.0,4.0,46.0,3.0,0.0,0.0,7.0,0.0,22.0,0.0,0.0,249.0,0.0,0.0,0.0,0.0,37.0,1.0,0.0,37.0,0.0,0.0,2.0,0.0,0.0,9.0,3.0,7.0,2.0,4.0,0.0,1.0,0.0,15.0,0.0,0.0,0.0,0.0,0.0,0.0,15.0,0.0,0.0,0.0,0.0,2.0,20.0,5.0,0.0,13.0,0.0,5.0,0.0,0.0,0.0,13.0,0.0,0.0,0.0,55.0,0.0,9.0,0.0,20.0,5.0,42.0,33.0,12.0,0.0,0.0,51.0,0.0,0.0,6.0,0.0,0.0,2.0,0.0,0.0,12.0,9.0,0.0,246.0,1.0,0.0,0.0,0.0,0.0,0.0,0.0,18.0,0.0,0.0,0.0,0.0,0.0,9.0,0.0,0.0,0.0,0.0,22.0,2.0,0.0,0.0,57.0,0.0,0.0,0.0,0.0,0.0,3.0,0.0,12.0,2.0,40.0,0.0,0.0,0.0,0.0,1.0,4.0,0.0,13.0,3.0,0.0,1.0,0.0,0.0,5.0,21.0,243.0,268.0,0.0,14.0,17.0,23.0,31.0,0.0,1.0,0.0,1.0,11.0,0.0,0.0,14.0,0.0,0.0,0.0,0.0,0.0,0.0,0.0,0.0,0.0,1.0,7.0,13.0,0.0,0.0,10.0,47.0,0.0,51.0,18.0,0.0,37.0,0.0,0.0,0.0,0.0,0.0,0.0,1.0,0.0,0.0,0.0,0.0,0.0,0.0,0.0,0.0,15.0,8.0,0.0,5.0,10.0,3.0,0.0,7.0,0.0,0.0,0.0,8.0,4.0,0.0,0.0,0.0,6.0,0.0,14.0,15.0,0.0,2.0,6.0,0.0,25.0,0.0,0.0,5.0,8.0,0.0,5.0,0.0,11.0,69.0,15.0,0.0,0.0,3.0,2.0,0.0,0.0,0.0,0.0,0.0,18.0,0.0,1.0,0.0,0.0,15.0,108.0,0.0,1.0,0.0,0.0,109.0,17.0,2017-04-01
2017-05-01,29.0,0.0,46.0,4.0,0.0,0.0,0.0,0.0,28.0,0.0,0.0,0.0,0.0,0.0,0.0,0.0,1.0,51.0,12.0,0.0,4.0,38.0,12.0,19.0,0.0,1.0,21.0,0.0,0.0,0.0,0.0,30.0,161.0,71.0,0.0,41.0,0.0,0.0,0.0,2.0,254.0,0.0,170.0,0.0,0.0,8.0,0.0,0.0,18.0,10.0,58.0,6.0,0.0,0.0,16.0,0.0,49.0,0.0,0.0,423.0,0.0,0.0,0.0,0.0,38.0,2.0,0.0,87.0,0.0,0.0,5.0,0.0,1.0,15.0,6.0,13.0,4.0,4.0,0.0,1.0,0.0,27.0,0.0,0.0,0.0,0.0,22.0,0.0,37.0,0.0,0.0,0.0,0.0,6.0,32.0,10.0,0.0,27.0,0.0,15.0,0.0,66.0,0.0,26.0,0.0,0.0,0.0,130.0,0.0,17.0,0.0,36.0,11.0,58.0,128.0,16.0,0.0,0.0,88.0,42.0,0.0,8.0,0.0,0.0,5.0,0.0,0.0,11.0,13.0,0.0,514.0,1.0,0.0,0.0,0.0,0.0,0.0,0.0,36.0,0.0,0.0,0.0,0.0,2.0,15.0,0.0,0.0,0.0,0.0,13.0,6.0,0.0,0.0,113.0,0.0,0.0,0.0,0.0,0.0,4.0,0.0,31.0,4.0,82.0,0.0,0.0,0.0,0.0,2.0,9.0,0.0,20.0,10.0,0.0,1.0,0.0,0.0,7.0,29.0,519.0,604.0,0.0,46.0,37.0,26.0,28.0,0.0,3.0,0.0,2.0,18.0,0.0,0.0,20.0,0.0,0.0,62.0,0.0,0.0,0.0,0.0,1.0,0.0,3.0,9.0,24.0,0.0,0.0,18.0,93.0,0.0,84.0,32.0,0.0,75.0,0.0,0.0,0.0,0.0,0.0,0.0,3.0,0.0,0.0,0.0,0.0,0.0,0.0,0.0,0.0,27.0,17.0,0.0,7.0,15.0,7.0,0.0,10.0,0.0,0.0,0.0,13.0,6.0,0.0,0.0,0.0,14.0,0.0,30.0,32.0,0.0,5.0,11.0,0.0,26.0,0.0,0.0,10.0,20.0,0.0,13.0,0.0,16.0,148.0,40.0,0.0,0.0,7.0,3.0,0.0,0.0,0.0,0.0,0.0,34.0,0.0,2.0,0.0,0.0,26.0,212.0,0.0,4.0,0.0,0.0,169.0,33.0,2017-05-01
2017-06-01,41.0,0.0,60.0,6.0,0.0,0.0,0.0,0.0,27.0,0.0,0.0,0.0,0.0,0.0,0.0,0.0,3.0,51.0,12.0,0.0,4.0,72.0,10.0,18.0,0.0,2.0,23.0,0.0,0.0,0.0,0.0,19.0,168.0,66.0,0.0,38.0,0.0,0.0,0.0,1.0,241.0,7.0,166.0,0.0,0.0,7.0,0.0,0.0,16.0,10.0,44.0,28.0,0.0,0.0,21.0,0.0,45.0,0.0,0.0,344.0,0.0,0.0,0.0,0.0,37.0,3.0,0.0,84.0,0.0,0.0,4.0,0.0,2.0,19.0,10.0,14.0,3.0,5.0,0.0,0.0,0.0,28.0,0.0,0.0,0.0,0.0,130.0,0.0,41.0,0.0,0.0,1.0,0.0,6.0,11.0,12.0,0.0,13.0,0.0,11.0,0.0,175.0,0.0,26.0,0.0,0.0,0.0,159.0,0.0,17.0,0.0,36.0,11.0,46.0,69.0,17.0,0.0,0.0,105.0,23.0,2.0,9.0,0.0,0.0,38.0,0.0,0.0,9.0,9.0,0.0,475.0,1.0,0.0,0.0,0.0,0.0,0.0,0.0,33.0,0.0,0.0,0.0,0.0,2.0,15.0,0.0,0.0,0.0,0.0,7.0,5.0,0.0,0.0,129.0,0.0,0.0,0.0,0.0,0.0,3.0,0.0,35.0,4.0,81.0,0.0,0.0,0.0,0.0,2.0,9.0,0.0,12.0,6.0,0.0,2.0,0.0,0.0,4.0,6.0,595.0,685.0,0.0,37.0,40.0,36.0,15.0,0.0,2.0,0.0,2.0,15.0,0.0,0.0,23.0,0.0,0.0,11.0,0.0,0.0,0.0,0.0,1.0,0.0,3.0,9.0,27.0,0.0,0.0,24.0,90.0,0.0,82.0,37.0,0.0,66.0,0.0,0.0,0.0,0.0,0.0,0.0,3.0,0.0,0.0,0.0,0.0,0.0,0.0,0.0,0.0,27.0,16.0,0.0,5.0,12.0,7.0,0.0,10.0,0.0,0.0,0.0,13.0,5.0,0.0,70.0,0.0,15.0,4.0,43.0,35.0,0.0,6.0,11.0,0.0,22.0,0.0,0.0,12.0,28.0,0.0,15.0,0.0,11.0,149.0,36.0,0.0,0.0,8.0,4.0,0.0,0.0,0.0,0.0,0.0,32.0,0.0,2.0,0.0,0.0,24.0,241.0,0.0,8.0,0.0,0.0,142.0,33.0,2017-06-01
2017-07-01,53.0,0.0,54.0,7.0,0.0,0.0,0.0,0.0,30.0,0.0,0.0,0.0,0.0,0.0,0.0,0.0,1.0,53.0,14.0,0.0,6.0,71.0,10.0,16.0,0.0,2.0,24.0,0.0,0.0,0.0,0.0,17.0,149.0,72.0,0.0,56.0,0.0,0.0,0.0,1.0,255.0,51.0,172.0,0.0,0.0,12.0,0.0,0.0,17.0,11.0,47.0,32.0,0.0,0.0,17.0,0.0,60.0,0.0,0.0,290.0,59.0,0.0,0.0,0.0,91.0,3.0,0.0,81.0,0.0,0.0,5.0,0.0,1.0,20.0,12.0,21.0,3.0,10.0,0.0,1.0,0.0,22.0,0.0,0.0,0.0,0.0,118.0,0.0,40.0,0.0,0.0,1.0,0.0,8.0,9.0,10.0,0.0,11.0,98.0,10.0,0.0,83.0,0.0,30.0,0.0,0.0,0.0,150.0,0.0,15.0,0.0,38.0,12.0,48.0,57.0,13.0,0.0,0.0,116.0,14.0,2.0,10.0,0.0,0.0,18.0,0.0,0.0,9.0,10.0,0.0,509.0,1.0,0.0,0.0,0.0,0.0,0.0,0.0,30.0,0.0,0.0,0.0,0.0,2.0,15.0,0.0,0.0,0.0,0.0,6.0,7.0,0.0,0.0,141.0,0.0,0.0,0.0,0.0,0.0,3.0,0.0,36.0,6.0,82.0,0.0,0.0,0.0,0.0,2.0,8.0,0.0,11.0,5.0,0.0,3.0,0.0,0.0,5.0,4.0,485.0,923.0,0.0,38.0,36.0,29.0,11.0,0.0,2.0,0.0,4.0,16.0,1.0,0.0,25.0,0.0,0.0,6.0,0.0,0.0,0.0,0.0,1.0,0.0,4.0,7.0,25.0,0.0,0.0,30.0,105.0,0.0,82.0,37.0,0.0,71.0,0.0,0.0,0.0,0.0,0.0,0.0,3.0,0.0,0.0,0.0,33.0,0.0,0.0,0.0,0.0,25.0,22.0,0.0,2.0,15.0,10.0,0.0,10.0,0.0,0.0,0.0,13.0,6.0,0.0,29.0,0.0,18.0,3.0,27.0,36.0,0.0,9.0,10.0,0.0,29.0,0.0,0.0,12.0,23.0,0.0,17.0,0.0,10.0,177.0,36.0,0.0,0.0,7.0,4.0,0.0,0.0,0.0,0.0,0.0,53.0,0.0,2.0,0.0,0.0,23.0,244.0,0.0,10.0,0.0,0.0,153.0,36.0,2017-07-01
2017-08-01,38.0,0.0,45.0,4.0,0.0,0.0,0.0,0.0,21.0,0.0,0.0,0.0,0.0,0.0,0.0,0.0,0.0,48.0,14.0,0.0,3.0,46.0,10.0,15.0,0.0,2.0,18.0,0.0,0.0,0.0,0.0,15.0,113.0,49.0,0.0,42.0,30.0,0.0,0.0,12.0,252.0,13.0,160.0,0.0,0.0,9.0,0.0,0.0,16.0,10.0,37.0,10.0,0.0,22.0,12.0,0.0,74.0,0.0,0.0,189.0,48.0,0.0,0.0,0.0,47.0,2.0,0.0,77.0,0.0,0.0,3.0,0.0,1.0,18.0,9.0,14.0,2.0,24.0,0.0,1.0,0.0,17.0,0.0,0.0,0.0,0.0,81.0,0.0,33.0,0.0,0.0,0.0,0.0,6.0,5.0,9.0,0.0,19.0,79.0,10.0,0.0,47.0,0.0,24.0,0.0,0.0,0.0,129.0,0.0,25.0,0.0,34.0,11.0,74.0,52.0,12.0,0.0,0.0,121.0,11.0,0.0,8.0,0.0,0.0,9.0,0.0,0.0,9.0,6.0,0.0,488.0,1.0,0.0,0.0,0.0,0.0,0.0,0.0,15.0,44.0,0.0,0.0,0.0,1.0,13.0,0.0,0.0,0.0,0.0,4.0,6.0,0.0,0.0,116.0,0.0,0.0,0.0,0.0,0.0,2.0,0.0,35.0,3.0,55.0,0.0,0.0,0.0,0.0,2.0,7.0,0.0,8.0,6.0,0.0,19.0,0.0,0.0,4.0,3.0,460.0,1001.0,0.0,35.0,37.0,128.0,10.0,0.0,2.0,0.0,2.0,15.0,1.0,0.0,22.0,0.0,0.0,5.0,0.0,0.0,0.0,0.0,1.0,0.0,4.0,7.0,26.0,0.0,0.0,28.0,91.0,0.0,71.0,31.0,0.0,68.0,0.0,0.0,0.0,0.0,0.0,0.0,2.0,0.0,0.0,0.0,31.0,0.0,0.0,0.0,0.0,25.0,17.0,0.0,2.0,16.0,6.0,0.0,9.0,0.0,0.0,0.0,11.0,5.0,0.0,21.0,0.0,15.0,1.0,20.0,32.0,0.0,6.0,10.0,0.0,18.0,0.0,0.0,13.0,15.0,0.0,17.0,0.0,9.0,185.0,38.0,0.0,0.0,6.0,5.0,0.0,0.0,0.0,0.0,0.0,55.0,0.0,1.0,0.0,0.0,23.0,211.0,0.0,10.0,5.0,0.0,108.0,35.0,2017-08-01
2017-09-01,33.0,0.0,78.0,3.0,0.0,0.0,0.0,0.0,21.0,0.0,0.0,0.0,0.0,0.0,0.0,0.0,0.0,46.0,10.0,0.0,5.0,43.0,14.0,15.0,0.0,2.0,14.0,0.0,0.0,0.0,0.0,8.0,69.0,24.0,0.0,22.0,52.0,0.0,0.0,5.0,224.0,5.0,154.0,15.0,0.0,6.0,0.0,0.0,14.0,10.0,36.0,7.0,0.0,11.0,13.0,0.0,90.0,0.0,0.0,40.0,912.0,0.0,0.0,0.0,23.0,3.0,56.0,95.0,0.0,1.0,3.0,0.0,2.0,20.0,5.0,14.0,2.0,18.0,0.0,0.0,0.0,9.0,25.0,0.0,0.0,0.0,58.0,0.0,33.0,0.0,0.0,0.0,0.0,5.0,3.0,8.0,0.0,11.0,117.0,6.0,0.0,28.0,0.0,19.0,0.0,0.0,0.0,110.0,0.0,30.0,0.0,23.0,7.0,64.0,60.0,7.0,0.0,0.0,129.0,7.0,0.0,7.0,0.0,0.0,8.0,0.0,0.0,7.0,4.0,0.0,513.0,1.0,0.0,0.0,0.0,0.0,0.0,0.0,1.0,69.0,0.0,0.0,0.0,1.0,13.0,0.0,0.0,0.0,0.0,3.0,5.0,0.0,0.0,93.0,0.0,0.0,0.0,0.0,0.0,2.0,0.0,38.0,1.0,19.0,72.0,0.0,0.0,0.0,2.0,7.0,0.0,9.0,4.0,0.0,5.0,0.0,0.0,6.0,2.0,427.0,972.0,0.0,33.0,25.0,71.0,7.0,0.0,2.0,0.0,2.0,16.0,0.0,0.0,19.0,0.0,0.0,3.0,0.0,0.0,0.0,0.0,0.0,0.0,4.0,6.0,27.0,0.0,0.0,20.0,90.0,0.0,75.0,29.0,0.0,55.0,0.0,0.0,0.0,0.0,0.0,0.0,3.0,0.0,0.0,0.0,18.0,0.0,0.0,0.0,0.0,27.0,16.0,0.0,5.0,12.0,5.0,0.0,9.0,0.0,0.0,0.0,11.0,4.0,0.0,18.0,0.0,12.0,0.0,17.0,33.0,0.0,6.0,8.0,0.0,15.0,0.0,0.0,13.0,18.0,0.0,8.0,0.0,8.0,178.0,27.0,0.0,0.0,4.0,4.0,0.0,0.0,0.0,0.0,0.0,46.0,0.0,1.0,0.0,0.0,24.0,225.0,0.0,7.0,29.0,0.0,107.0,36.0,2017-09-01
2017-10-01,33.0,0.0,58.0,4.0,0.0,0.0,0.0,0.0,22.0,0.0,0.0,0.0,31.0,0.0,0.0,0.0,0.0,36.0,11.0,0.0,5.0,44.0,15.0,14.0,0.0,3.0,14.0,0.0,0.0,0.0,0.0,8.0,63.0,21.0,0.0,20.0,8.0,0.0,0.0,3.0,249.0,3.0,157.0,111.0,0.0,6.0,0.0,0.0,15.0,7.0,31.0,7.0,0.0,3.0,15.0,0.0,110.0,0.0,0.0,10.0,615.0,0.0,0.0,0.0,18.0,1.0,42.0,101.0,0.0,0.0,2.0,0.0,13.0,22.0,11.0,15.0,2.0,27.0,0.0,0.0,0.0,1.0,71.0,0.0,0.0,0.0,61.0,0.0,32.0,0.0,0.0,0.0,0.0,5.0,4.0,6.0,0.0,9.0,509.0,5.0,0.0,30.0,0.0,18.0,0.0,0.0,0.0,99.0,0.0,26.0,0.0,22.0,5.0,64.0,59.0,6.0,0.0,0.0,141.0,5.0,0.0,5.0,0.0,0.0,9.0,0.0,0.0,6.0,3.0,0.0,574.0,1.0,0.0,0.0,0.0,0.0,0.0,0.0,1.0,55.0,0.0,0.0,0.0,1.0,14.0,0.0,0.0,0.0,0.0,3.0,15.0,0.0,82.0,93.0,0.0,0.0,0.0,0.0,0.0,3.0,0.0,44.0,0.0,4.0,83.0,0.0,0.0,0.0,2.0,7.0,0.0,6.0,4.0,0.0,2.0,1.0,0.0,11.0,4.0,419.0,849.0,0.0,29.0,34.0,37.0,6.0,0.0,2.0,0.0,2.0,14.0,0.0,0.0,19.0,0.0,0.0,3.0,0.0,0.0,0.0,0.0,1.0,0.0,7.0,10.0,28.0,0.0,0.0,18.0,99.0,0.0,80.0,35.0,0.0,62.0,0.0,0.0,0.0,0.0,0.0,0.0,2.0,0.0,74.0,0.0,13.0,0.0,34.0,0.0,0.0,25.0,22.0,0.0,4.0,14.0,4.0,0.0,7.0,0.0,40.0,0.0,10.0,5.0,0.0,16.0,0.0,11.0,0.0,18.0,30.0,54.0,8.0,8.0,0.0,14.0,0.0,0.0,13.0,18.0,0.0,7.0,0.0,23.0,150.0,25.0,0.0,0.0,3.0,3.0,0.0,0.0,0.0,0.0,0.0,138.0,0.0,1.0,0.0,0.0,28.0,231.0,0.0,2.0,7.0,0.0,89.0,35.0,2017-10-01
2017-11-01,37.0,0.0,57.0,9.0,0.0,0.0,0.0,0.0,24.0,0.0,0.0,0.0,70.0,0.0,0.0,0.0,0.0,32.0,11.0,0.0,51.0,43.0,14.0,16.0,0.0,2.0,16.0,0.0,0.0,0.0,0.0,4.0,27.0,6.0,0.0,4.0,506.0,0.0,0.0,3.0,238.0,2.0,162.0,27.0,0.0,7.0,0.0,0.0,15.0,8.0,32.0,10.0,0.0,5.0,18.0,0.0,105.0,0.0,0.0,10.0,453.0,0.0,0.0,0.0,75.0,1.0,14.0,116.0,0.0,0.0,3.0,0.0,4.0,23.0,7.0,13.0,2.0,46.0,0.0,0.0,0.0,1.0,49.0,0.0,0.0,0.0,55.0,0.0,34.0,0.0,0.0,0.0,0.0,4.0,3.0,17.0,0.0,14.0,520.0,4.0,0.0,19.0,0.0,15.0,0.0,0.0,0.0,105.0,0.0,20.0,0.0,19.0,6.0,75.0,62.0,27.0,0.0,0.0,159.0,8.0,0.0,4.0,0.0,0.0,7.0,0.0,0.0,6.0,5.0,0.0,617.0,1.0,0.0,0.0,0.0,0.0,0.0,0.0,1.0,50.0,0.0,0.0,0.0,1.0,14.0,0.0,0.0,0.0,0.0,3.0,9.0,0.0,18.0,95.0,0.0,0.0,0.0,0.0,0.0,2.0,0.0,48.0,1.0,5.0,65.0,0.0,0.0,0.0,1.0,6.0,0.0,7.0,22.0,0.0,2.0,1.0,0.0,4.0,2.0,505.0,723.0,0.0,29.0,26.0,38.0,6.0,0.0,2.0,0.0,3.0,16.0,0.0,0.0,12.0,0.0,0.0,3.0,0.0,0.0,0.0,0.0,1.0,0.0,4.0,7.0,30.0,0.0,0.0,19.0,94.0,0.0,78.0,40.0,0.0,66.0,0.0,0.0,0.0,0.0,0.0,0.0,3.0,0.0,22.0,0.0,13.0,0.0,69.0,0.0,0.0,33.0,26.0,0.0,3.0,14.0,4.0,0.0,6.0,0.0,66.0,0.0,10.0,5.0,0.0,17.0,0.0,12.0,0.0,20.0,35.0,16.0,8.0,8.0,0.0,14.0,0.0,0.0,28.0,19.0,2.0,7.0,0.0,11.0,162.0,21.0,0.0,0.0,3.0,3.0,0.0,1.0,0.0,0.0,0.0,105.0,0.0,1.0,0.0,0.0,28.0,283.0,0.0,3.0,4.0,0.0,81.0,38.0,2017-11-01
2017-12-01,36.0,0.0,94.0,6.0,0.0,0.0,0.0,0.0,25.0,0.0,0.0,0.0,25.0,0.0,0.0,0.0,0.0,34.0,12.0,0.0,32.0,49.0,15.0,20.0,0.0,2.0,14.0,0.0,0.0,0.0,0.0,5.0,28.0,4.0,0.0,2.0,239.0,0.0,0.0,4.0,252.0,2.0,157.0,18.0,0.0,6.0,0.0,0.0,15.0,8.0,43.0,8.0,1.0,7.0,16.0,0.0,100.0,0.0,1.0,9.0,310.0,0.0,0.0,0.0,36.0,1.0,12.0,110.0,0.0,0.0,4.0,0.0,4.0,19.0,8.0,15.0,3.0,60.0,0.0,0.0,0.0,1.0,46.0,0.0,0.0,0.0,50.0,0.0,39.0,0.0,0.0,0.0,0.0,6.0,3.0,14.0,0.0,11.0,732.0,5.0,0.0,17.0,0.0,17.0,0.0,0.0,0.0,151.0,0.0,18.0,0.0,20.0,6.0,113.0,59.0,16.0,0.0,0.0,170.0,6.0,3.0,5.0,0.0,0.0,11.0,0.0,0.0,7.0,5.0,0.0,603.0,1.0,0.0,0.0,0.0,0.0,0.0,0.0,1.0,54.0,0.0,0.0,0.0,1.0,14.0,0.0,0.0,0.0,0.0,2.0,6.0,0.0,9.0,95.0,0.0,0.0,0.0,19.0,0.0,2.0,0.0,55.0,1.0,5.0,69.0,0.0,0.0,0.0,2.0,6.0,0.0,10.0,16.0,0.0,2.0,1.0,0.0,4.0,1.0,505.0,946.0,0.0,21.0,26.0,102.0,9.0,0.0,2.0,0.0,3.0,15.0,0.0,0.0,0.0,0.0,0.0,3.0,0.0,0.0,0.0,0.0,0.0,0.0,3.0,16.0,31.0,0.0,0.0,20.0,107.0,0.0,86.0,45.0,0.0,64.0,0.0,0.0,0.0,0.0,0.0,0.0,4.0,2.0,7.0,0.0,13.0,0.0,40.0,0.0,0.0,35.0,21.0,0.0,3.0,17.0,6.0,0.0,6.0,0.0,22.0,0.0,9.0,8.0,0.0,19.0,0.0,14.0,0.0,24.0,41.0,9.0,10.0,7.0,0.0,29.0,0.0,0.0,20.0,18.0,24.0,6.0,0.0,15.0,221.0,71.0,0.0,0.0,3.0,3.0,0.0,17.0,0.0,0.0,0.0,74.0,0.0,1.0,0.0,0.0,33.0,323.0,0.0,2.0,3.0,29.0,59.0,41.0,2017-12-01
2018-01-01,38.0,0.0,82.0,10.0,0.0,0.0,0.0,0.0,23.0,0.0,0.0,0.0,26.0,0.0,0.0,4.0,0.0,35.0,13.0,0.0,19.0,57.0,13.0,27.0,0.0,3.0,19.0,0.0,0.0,0.0,0.0,6.0,36.0,5.0,0.0,3.0,214.0,0.0,0.0,5.0,282.0,3.0,178.0,15.0,0.0,6.0,0.0,0.0,21.0,12.0,65.0,9.0,4.0,6.0,14.0,0.0,112.0,0.0,1.0,14.0,150.0,0.0,5.0,0.0,30.0,1.0,15.0,115.0,0.0,65.0,5.0,0.0,5.0,23.0,10.0,20.0,4.0,119.0,0.0,0.0,0.0,1.0,54.0,0.0,0.0,0.0,56.0,0.0,40.0,0.0,0.0,1.0,0.0,8.0,5.0,12.0,0.0,13.0,1152.0,6.0,0.0,18.0,0.0,17.0,0.0,0.0,0.0,145.0,0.0,18.0,0.0,22.0,8.0,85.0,61.0,16.0,0.0,0.0,182.0,6.0,0.0,7.0,0.0,0.0,9.0,0.0,0.0,9.0,8.0,0.0,727.0,2.0,0.0,0.0,0.0,0.0,0.0,0.0,1.0,68.0,0.0,0.0,0.0,1.0,18.0,0.0,0.0,0.0,0.0,3.0,7.0,0.0,7.0,103.0,0.0,0.0,0.0,261.0,0.0,3.0,0.0,59.0,0.0,5.0,96.0,0.0,0.0,0.0,2.0,8.0,0.0,12.0,13.0,0.0,3.0,3.0,0.0,4.0,2.0,617.0,1005.0,0.0,31.0,21.0,68.0,12.0,0.0,2.0,0.0,4.0,16.0,0.0,0.0,0.0,0.0,0.0,4.0,0.0,0.0,0.0,0.0,1.0,0.0,5.0,12.0,33.0,0.0,0.0,24.0,120.0,0.0,96.0,46.0,0.0,75.0,0.0,0.0,45.0,0.0,0.0,0.0,9.0,35.0,6.0,0.0,17.0,0.0,26.0,0.0,0.0,31.0,27.0,0.0,6.0,27.0,57.0,0.0,7.0,0.0,18.0,0.0,11.0,6.0,0.0,18.0,0.0,16.0,0.0,26.0,47.0,6.0,11.0,9.0,0.0,28.0,0.0,0.0,22.0,25.0,57.0,8.0,0.0,16.0,260.0,81.0,0.0,0.0,4.0,4.0,0.0,66.0,0.0,0.0,0.0,62.0,0.0,2.0,0.0,0.0,35.0,300.0,0.0,3.0,3.0,10.0,43.0,45.0,2018-01-01
2018-02-01,37.0,0.0,71.0,8.0,0.0,0.0,0.0,0.0,20.0,0.0,0.0,0.0,25.0,0.0,0.0,26.0,0.0,42.0,16.0,0.0,10.0,53.0,13.0,23.0,0.0,3.0,32.0,0.0,0.0,0.0,0.0,6.0,44.0,6.0,0.0,4.0,186.0,0.0,0.0,4.0,305.0,3.0,186.0,9.0,0.0,6.0,0.0,0.0,18.0,11.0,64.0,8.0,4.0,6.0,14.0,0.0,124.0,0.0,2.0,15.0,135.0,0.0,3.0,0.0,47.0,1.0,11.0,113.0,0.0,74.0,8.0,0.0,3.0,26.0,17.0,18.0,4.0,86.0,0.0,1.0,0.0,1.0,67.0,0.0,0.0,0.0,83.0,0.0,42.0,0.0,0.0,2.0,0.0,8.0,10.0,11.0,0.0,21.0,2232.0,6.0,0.0,20.0,0.0,18.0,0.0,0.0,0.0,138.0,0.0,20.0,0.0,21.0,8.0,71.0,56.0,14.0,35.0,0.0,187.0,8.0,7.0,6.0,0.0,0.0,8.0,91.0,0.0,11.0,13.0,0.0,691.0,2.0,0.0,0.0,0.0,0.0,0.0,0.0,1.0,105.0,0.0,0.0,0.0,1.0,18.0,0.0,0.0,0.0,0.0,5.0,6.0,0.0,7.0,99.0,0.0,0.0,0.0,572.0,0.0,3.0,0.0,70.0,0.0,6.0,118.0,0.0,0.0,0.0,2.0,9.0,0.0,10.0,9.0,0.0,2.0,3.0,0.0,4.0,2.0,564.0,852.0,0.0,33.0,4.0,30.0,11.0,0.0,2.0,0.0,3.0,19.0,0.0,0.0,0.0,0.0,0.0,3.0,0.0,0.0,0.0,0.0,1.0,0.0,5.0,9.0,38.0,0.0,0.0,26.0,138.0,0.0,95.0,45.0,0.0,96.0,0.0,0.0,33.0,0.0,36.0,0.0,11.0,47.0,4.0,0.0,17.0,0.0,17.0,0.0,0.0,31.0,24.0,0.0,12.0,20.0,86.0,0.0,8.0,0.0,12.0,0.0,11.0,5.0,0.0,16.0,0.0,17.0,0.0,25.0,39.0,7.0,12.0,14.0,0.0,20.0,0.0,0.0,25.0,30.0,14.0,9.0,0.0,17.0,320.0,52.0,0.0,0.0,5.0,4.0,0.0,52.0,0.0,0.0,0.0,65.0,10.0,2.0,2.0,0.0,31.0,334.0,0.0,4.0,3.0,4.0,29.0,46.0,2018-02-01
2018-03-01,32.0,42.0,66.0,6.0,0.0,0.0,0.0,0.0,22.0,0.0,0.0,0.0,24.0,0.0,0.0,2.0,0.0,37.0,16.0,0.0,17.0,54.0,14.0,84.0,0.0,2.0,23.0,0.0,0.0,0.0,0.0,7.0,55.0,7.0,0.0,5.0,133.0,0.0,0.0,3.0,263.0,3.0,192.0,7.0,0.0,6.0,0.0,0.0,16.0,11.0,60.0,7.0,33.0,6.0,17.0,0.0,106.0,0.0,0.0,17.0,104.0,0.0,2.0,0.0,58.0,1.0,8.0,107.0,0.0,40.0,11.0,0.0,3.0,28.0,12.0,21.0,4.0,55.0,0.0,0.0,0.0,0.0,62.0,0.0,0.0,0.0,73.0,0.0,37.0,0.0,141.0,2.0,0.0,9.0,9.0,50.0,0.0,19.0,3553.0,5.0,0.0,17.0,0.0,17.0,0.0,0.0,0.0,136.0,0.0,20.0,0.0,22.0,9.0,64.0,56.0,14.0,27.0,0.0,200.0,6.0,0.0,7.0,0.0,0.0,8.0,30.0,0.0,13.0,13.0,0.0,612.0,1.0,0.0,0.0,0.0,0.0,0.0,0.0,0.0,88.0,0.0,0.0,0.0,2.0,26.0,0.0,0.0,0.0,0.0,4.0,6.0,0.0,5.0,101.0,0.0,0.0,0.0,199.0,0.0,4.0,0.0,76.0,0.0,5.0,79.0,0.0,0.0,0.0,2.0,9.0,0.0,17.0,8.0,0.0,2.0,4.0,0.0,5.0,2.0,576.0,789.0,0.0,32.0,3.0,108.0,10.0,0.0,2.0,0.0,2.0,18.0,0.0,0.0,0.0,0.0,0.0,2.0,0.0,0.0,0.0,0.0,1.0,0.0,5.0,8.0,38.0,0.0,0.0,32.0,138.0,0.0,93.0,42.0,0.0,79.0,0.0,0.0,308.0,0.0,6.0,0.0,4.0,22.0,4.0,0.0,21.0,0.0,17.0,0.0,0.0,36.0,22.0,0.0,9.0,17.0,30.0,0.0,7.0,0.0,11.0,0.0,12.0,18.0,0.0,21.0,0.0,19.0,0.0,29.0,41.0,5.0,10.0,14.0,0.0,20.0,0.0,0.0,23.0,24.0,7.0,11.0,0.0,19.0,374.0,55.0,0.0,0.0,6.0,4.0,0.0,49.0,0.0,0.0,0.0,59.0,111.0,2.0,0.0,0.0,31.0,305.0,1.0,3.0,3.0,4.0,45.0,48.0,2018-03-01
2018-04-01,43.0,31.0,73.0,7.0,0.0,0.0,0.0,0.0,34.0,0.0,0.0,0.0,20.0,0.0,0.0,1.0,0.0,36.0,19.0,0.0,17.0,59.0,14.0,49.0,0.0,3.0,28.0,0.0,0.0,0.0,0.0,9.0,59.0,8.0,0.0,7.0,169.0,0.0,0.0,12.0,266.0,4.0,228.0,8.0,0.0,9.0,0.0,0.0,19.0,12.0,63.0,13.0,46.0,8.0,21.0,0.0,136.0,0.0,0.0,20.0,152.0,2.0,2.0,0.0,40.0,2.0,12.0,127.0,0.0,34.0,6.0,0.0,3.0,31.0,16.0,19.0,5.0,78.0,0.0,1.0,0.0,1.0,68.0,0.0,0.0,0.0,78.0,0.0,40.0,0.0,262.0,1.0,0.0,9.0,9.0,26.0,0.0,22.0,5352.0,7.0,0.0,24.0,0.0,20.0,0.0,0.0,422.0,151.0,0.0,25.0,0.0,26.0,14.0,114.0,68.0,14.0,13.0,0.0,252.0,6.0,3.0,8.0,0.0,0.0,13.0,8.0,0.0,12.0,13.0,0.0,688.0,2.0,0.0,0.0,0.0,0.0,0.0,0.0,0.0,81.0,0.0,0.0,0.0,2.0,39.0,1.0,0.0,0.0,0.0,4.0,6.0,0.0,4.0,128.0,0.0,0.0,0.0,140.0,0.0,5.0,0.0,96.0,0.0,5.0,94.0,0.0,0.0,0.0,2.0,9.0,0.0,15.0,7.0,0.0,4.0,4.0,0.0,6.0,6.0,654.0,863.0,3.0,47.0,6.0,61.0,13.0,0.0,3.0,0.0,3.0,19.0,0.0,0.0,0.0,0.0,0.0,3.0,72.0,0.0,0.0,0.0,1.0,0.0,7.0,9.0,44.0,26.0,0.0,38.0,177.0,0.0,105.0,47.0,0.0,93.0,0.0,0.0,179.0,0.0,3.0,0.0,4.0,21.0,4.0,0.0,25.0,0.0,19.0,0.0,0.0,38.0,28.0,0.0,6.0,23.0,18.0,0.0,8.0,0.0,10.0,0.0,13.0,57.0,0.0,22.0,0.0,23.0,0.0,41.0,58.0,4.0,13.0,14.0,0.0,22.0,0.0,0.0,25.0,29.0,6.0,12.0,0.0,34.0,337.0,54.0,0.0,0.0,6.0,5.0,0.0,60.0,0.0,0.0,0.0,80.0,33.0,2.0,0.0,0.0,37.0,351.0,3.0,4.0,5.0,3.0,25.0,64.0,2018-04-01
2018-05-01,36.0,10.0,66.0,8.0,0.0,0.0,0.0,0.0,33.0,0.0,0.0,0.0,15.0,0.0,0.0,0.0,0.0,47.0,24.0,0.0,16.0,63.0,16.0,34.0,0.0,3.0,28.0,0.0,0.0,0.0,0.0,8.0,82.0,9.0,0.0,7.0,152.0,0.0,0.0,132.0,262.0,3.0,229.0,6.0,0.0,8.0,0.0,0.0,76.0,13.0,61.0,13.0,58.0,62.0,25.0,0.0,148.0,0.0,1.0,14.0,453.0,65.0,2.0,0.0,33.0,2.0,15.0,140.0,0.0,27.0,6.0,0.0,3.0,31.0,11.0,18.0,6.0,106.0,0.0,1.0,0.0,1.0,89.0,0.0,0.0,0.0,86.0,0.0,47.0,0.0,56.0,1.0,0.0,10.0,10.0,15.0,0.0,36.0,5929.0,8.0,0.0,26.0,0.0,20.0,0.0,0.0,219.0,151.0,0.0,26.0,0.0,27.0,14.0,84.0,74.0,14.0,15.0,0.0,263.0,6.0,0.0,8.0,0.0,0.0,11.0,5.0,1.0,13.0,17.0,0.0,671.0,2.0,0.0,0.0,0.0,0.0,0.0,0.0,0.0,75.0,0.0,0.0,0.0,2.0,40.0,16.0,0.0,0.0,0.0,4.0,12.0,0.0,7.0,129.0,0.0,0.0,0.0,80.0,0.0,6.0,0.0,98.0,0.0,6.0,103.0,0.0,0.0,0.0,2.0,9.0,0.0,17.0,7.0,0.0,6.0,5.0,0.0,5.0,4.0,691.0,711.0,19.0,54.0,0.0,61.0,15.0,0.0,3.0,0.0,3.0,20.0,0.0,0.0,0.0,0.0,0.0,3.0,15.0,2.0,0.0,0.0,1.0,0.0,6.0,9.0,49.0,28.0,0.0,37.0,173.0,0.0,116.0,42.0,0.0,95.0,0.0,0.0,79.0,0.0,2.0,0.0,3.0,22.0,3.0,0.0,26.0,0.0,20.0,0.0,0.0,36.0,116.0,104.0,8.0,21.0,13.0,0.0,9.0,0.0,10.0,0.0,12.0,23.0,0.0,23.0,0.0,24.0,0.0,46.0,49.0,3.0,53.0,16.0,0.0,20.0,0.0,0.0,25.0,29.0,7.0,12.0,0.0,19.0,352.0,41.0,0.0,0.0,6.0,4.0,0.0,55.0,0.0,0.0,0.0,76.0,14.0,3.0,0.0,0.0,32.0,347.0,3.0,5.0,5.0,3.0,60.0,67.0,2018-05-01
2018-06-01,33.0,6.0,82.0,9.0,0.0,0.0,0.0,0.0,31.0,0.0,0.0,0.0,19.0,0.0,0.0,0.0,0.0,54.0,27.0,5.0,10.0,59.0,14.0,32.0,0.0,3.0,29.0,0.0,0.0,0.0,0.0,10.0,145.0,10.0,0.0,8.0,148.0,0.0,0.0,52.0,272.0,7.0,227.0,8.0,0.0,13.0,0.0,0.0,97.0,13.0,60.0,26.0,25.0,77.0,31.0,0.0,192.0,0.0,0.0,17.0,351.0,75.0,2.0,0.0,92.0,2.0,10.0,136.0,0.0,27.0,5.0,0.0,3.0,33.0,23.0,15.0,7.0,73.0,0.0,0.0,0.0,1.0,81.0,0.0,0.0,0.0,101.0,0.0,105.0,0.0,35.0,1.0,0.0,8.0,9.0,15.0,0.0,49.0,5492.0,10.0,0.0,19.0,0.0,25.0,0.0,0.0,66.0,160.0,0.0,33.0,0.0,29.0,14.0,70.0,76.0,16.0,19.0,0.0,288.0,5.0,0.0,9.0,103.0,0.0,16.0,5.0,2.0,29.0,17.0,0.0,624.0,2.0,0.0,0.0,0.0,0.0,0.0,0.0,0.0,67.0,0.0,0.0,0.0,1.0,34.0,1.0,0.0,0.0,0.0,5.0,10.0,0.0,6.0,148.0,0.0,0.0,0.0,73.0,0.0,6.0,0.0,107.0,0.0,10.0,117.0,0.0,0.0,0.0,3.0,9.0,0.0,12.0,17.0,0.0,7.0,9.0,0.0,6.0,4.0,591.0,672.0,32.0,50.0,0.0,159.0,11.0,0.0,2.0,0.0,5.0,17.0,1.0,0.0,0.0,0.0,0.0,13.0,1.0,335.0,0.0,0.0,4.0,0.0,8.0,12.0,46.0,18.0,0.0,50.0,183.0,0.0,114.0,55.0,0.0,89.0,0.0,0.0,63.0,0.0,2.0,0.0,3.0,17.0,4.0,0.0,33.0,0.0,18.0,0.0,0.0,33.0,56.0,49.0,8.0,21.0,16.0,0.0,9.0,0.0,8.0,0.0,14.0,16.0,0.0,21.0,0.0,25.0,0.0,66.0,50.0,4.0,32.0,27.0,0.0,19.0,0.0,0.0,36.0,34.0,4.0,13.0,0.0,15.0,418.0,62.0,0.0,0.0,6.0,5.0,0.0,58.0,0.0,59.0,0.0,112.0,15.0,4.0,0.0,0.0,28.0,317.0,3.0,14.0,4.0,3.0,87.0,67.0,2018-06-01
2018-07-01,37.0,3.0,86.0,11.0,0.0,0.0,0.0,0.0,34.0,0.0,0.0,0.0,16.0,0.0,0.0,1.0,0.0,50.0,21.0,3.0,8.0,58.0,11.0,29.0,0.0,3.0,29.0,0.0,0.0,0.0,0.0,11.0,149.0,10.0,0.0,7.0,152.0,0.0,0.0,34.0,294.0,23.0,229.0,10.0,0.0,13.0,0.0,0.0,39.0,12.0,61.0,28.0,14.0,16.0,17.0,0.0,239.0,0.0,0.0,14.0,305.0,24.0,2.0,0.0,64.0,2.0,12.0,131.0,0.0,23.0,6.0,0.0,4.0,32.0,16.0,18.0,32.0,100.0,0.0,0.0,0.0,1.0,67.0,0.0,0.0,0.0,89.0,0.0,80.0,0.0,27.0,0.0,0.0,11.0,7.0,15.0,0.0,41.0,6126.0,8.0,0.0,15.0,0.0,23.0,0.0,0.0,38.0,224.0,0.0,28.0,0.0,29.0,15.0,64.0,80.0,14.0,25.0,0.0,310.0,5.0,62.0,11.0,20.0,0.0,13.0,9.0,1.0,26.0,17.0,0.0,594.0,3.0,0.0,0.0,0.0,0.0,0.0,0.0,0.0,52.0,0.0,0.0,0.0,1.0,42.0,17.0,0.0,0.0,0.0,3.0,9.0,0.0,10.0,160.0,0.0,0.0,0.0,61.0,0.0,6.0,0.0,105.0,0.0,11.0,119.0,0.0,0.0,0.0,4.0,11.0,0.0,12.0,14.0,0.0,100.0,28.0,0.0,7.0,5.0,673.0,665.0,39.0,52.0,0.0,58.0,12.0,0.0,2.0,0.0,7.0,20.0,2.0,0.0,1.0,0.0,0.0,10.0,0.0,99.0,0.0,0.0,3.0,0.0,11.0,14.0,50.0,3.0,0.0,56.0,196.0,0.0,98.0,62.0,0.0,93.0,0.0,0.0,55.0,0.0,2.0,0.0,3.0,20.0,4.0,0.0,29.0,0.0,15.0,0.0,0.0,33.0,44.0,12.0,6.0,23.0,15.0,0.0,9.0,0.0,9.0,0.0,14.0,12.0,0.0,23.0,0.0,27.0,3.0,51.0,51.0,5.0,27.0,15.0,0.0,19.0,0.0,0.0,37.0,36.0,4.0,11.0,0.0,19.0,443.0,55.0,0.0,0.0,7.0,5.0,0.0,55.0,0.0,9.0,0.0,198.0,15.0,3.0,0.0,0.0,26.0,372.0,5.0,7.0,6.0,3.0,61.0,72.0,2018-07-01
2018-08-01,32.0,3.0,60.0,9.0,0.0,0.0,0.0,0.0,28.0,0.0,0.0,0.0,13.0,0.0,0.0,1.0,0.0,52.0,20.0,2.0,7.0,48.0,11.0,25.0,0.0,2.0,21.0,0.0,0.0,153.0,0.0,11.0,147.0,11.0,0.0,8.0,135.0,0.0,0.0,23.0,300.0,9.0,237.0,7.0,0.0,20.0,0.0,0.0,21.0,9.0,47.0,13.0,13.0,10.0,17.0,0.0,360.0,0.0,0.0,11.0,411.0,19.0,1.0,0.0,33.0,2.0,7.0,119.0,0.0,29.0,7.0,0.0,3.0,30.0,12.0,14.0,30.0,149.0,0.0,0.0,0.0,0.0,71.0,0.0,0.0,0.0,66.0,0.0,60.0,0.0,18.0,1.0,0.0,10.0,10.0,10.0,0.0,50.0,5923.0,8.0,0.0,14.0,0.0,23.0,0.0,0.0,40.0,220.0,0.0,23.0,0.0,29.0,19.0,88.0,62.0,12.0,29.0,0.0,289.0,5.0,12.0,11.0,5.0,0.0,9.0,5.0,0.0,15.0,17.0,0.0,601.0,4.0,0.0,0.0,0.0,0.0,0.0,0.0,0.0,12.0,194.0,0.0,0.0,25.0,37.0,3.0,0.0,0.0,0.0,2.0,8.0,0.0,6.0,157.0,0.0,0.0,0.0,435.0,0.0,6.0,0.0,116.0,0.0,9.0,95.0,2.0,0.0,0.0,3.0,10.0,0.0,8.0,7.0,0.0,124.0,96.0,0.0,7.0,4.0,665.0,595.0,47.0,55.0,0.0,42.0,10.0,0.0,2.0,0.0,3.0,23.0,1.0,0.0,1.0,0.0,0.0,6.0,0.0,47.0,0.0,0.0,2.0,0.0,8.0,12.0,48.0,0.0,0.0,58.0,197.0,0.0,39.0,52.0,46.0,93.0,0.0,0.0,60.0,0.0,1.0,0.0,2.0,13.0,5.0,0.0,25.0,0.0,16.0,0.0,0.0,36.0,46.0,7.0,4.0,28.0,12.0,0.0,10.0,0.0,8.0,0.0,16.0,10.0,0.0,29.0,0.0,22.0,0.0,52.0,47.0,4.0,16.0,6.0,0.0,19.0,0.0,0.0,34.0,28.0,6.0,11.0,0.0,21.0,542.0,43.0,0.0,0.0,6.0,5.0,0.0,53.0,0.0,4.0,0.0,151.0,8.0,3.0,0.0,0.0,28.0,846.0,52.0,4.0,5.0,2.0,40.0,76.0,2018-08-01
2018-09-01,32.0,2.0,54.0,8.0,0.0,0.0,0.0,0.0,23.0,15.0,0.0,0.0,14.0,0.0,0.0,0.0,0.0,44.0,17.0,70.0,7.0,45.0,13.0,24.0,0.0,2.0,22.0,0.0,0.0,249.0,0.0,9.0,110.0,8.0,0.0,8.0,92.0,0.0,0.0,15.0,285.0,6.0,198.0,6.0,0.0,14.0,0.0,0.0,17.0,8.0,40.0,10.0,9.0,6.0,19.0,0.0,348.0,0.0,0.0,7.0,905.0,13.0,1.0,0.0,51.0,1.0,21.0,128.0,0.0,25.0,6.0,56.0,3.0,19.0,12.0,13.0,14.0,0.0,100.0,0.0,0.0,0.0,34.0,81.0,0.0,0.0,98.0,0.0,55.0,0.0,15.0,1.0,0.0,8.0,10.0,12.0,0.0,41.0,5492.0,7.0,16.0,13.0,0.0,19.0,0.0,0.0,27.0,153.0,0.0,25.0,0.0,25.0,26.0,60.0,59.0,9.0,19.0,0.0,248.0,3.0,1.0,10.0,4.0,0.0,10.0,4.0,0.0,17.0,15.0,0.0,632.0,4.0,0.0,0.0,0.0,0.0,0.0,0.0,0.0,4.0,146.0,0.0,0.0,8.0,40.0,3.0,0.0,399.0,0.0,3.0,7.0,0.0,6.0,130.0,0.0,0.0,0.0,166.0,0.0,5.0,0.0,120.0,0.0,3.0,19.0,281.0,0.0,0.0,2.0,10.0,0.0,10.0,6.0,0.0,23.0,92.0,0.0,5.0,3.0,629.0,455.0,50.0,41.0,0.0,119.0,8.0,0.0,1.0,0.0,3.0,26.0,1.0,1.0,0.0,0.0,0.0,3.0,0.0,13.0,0.0,0.0,1.0,0.0,7.0,8.0,52.0,74.0,0.0,48.0,204.0,0.0,35.0,44.0,125.0,82.0,0.0,0.0,43.0,0.0,1.0,84.0,2.0,13.0,3.0,0.0,23.0,0.0,14.0,0.0,0.0,34.0,34.0,7.0,6.0,22.0,11.0,0.0,10.0,0.0,8.0,0.0,16.0,9.0,0.0,41.0,0.0,23.0,3.0,51.0,41.0,4.0,13.0,5.0,0.0,17.0,0.0,0.0,30.0,29.0,6.0,9.0,0.0,18.0,521.0,36.0,0.0,0.0,5.0,6.0,0.0,54.0,0.0,2.0,0.0,91.0,11.0,2.0,0.0,0.0,26.0,821.0,7.0,3.0,5.0,3.0,34.0,75.0,2018-09-01
2018-10-01,34.0,1.0,51.0,16.0,0.0,0.0,0.0,0.0,20.0,146.0,0.0,227.0,13.0,0.0,0.0,0.0,0.0,37.0,14.0,0.0,7.0,39.0,9.0,26.0,0.0,2.0,18.0,0.0,0.0,2197.0,0.0,7.0,70.0,5.0,0.0,4.0,50.0,0.0,0.0,15.0,263.0,4.0,0.0,4.0,0.0,9.0,0.0,0.0,18.0,8.0,39.0,11.0,7.0,9.0,18.0,0.0,299.0,0.0,0.0,6.0,479.0,7.0,0.0,0.0,44.0,1.0,16.0,122.0,0.0,24.0,5.0,20.0,3.0,26.0,10.0,12.0,10.0,72.0,0.0,0.0,0.0,0.0,6.0,156.0,0.0,0.0,89.0,0.0,63.0,18.0,10.0,0.0,0.0,6.0,11.0,11.0,0.0,40.0,4757.0,1.0,77.0,63.0,0.0,16.0,0.0,0.0,17.0,130.0,0.0,23.0,0.0,20.0,14.0,60.0,60.0,8.0,14.0,0.0,0.0,3.0,0.0,7.0,2.0,176.0,18.0,4.0,0.0,17.0,15.0,0.0,650.0,6.0,0.0,0.0,0.0,0.0,0.0,0.0,0.0,3.0,126.0,0.0,0.0,3.0,88.0,134.0,0.0,81.0,0.0,2.0,5.0,0.0,5.0,128.0,0.0,0.0,0.0,74.0,0.0,4.0,0.0,123.0,0.0,1.0,6.0,199.0,0.0,0.0,1.0,7.0,0.0,10.0,6.0,0.0,12.0,93.0,0.0,13.0,7.0,560.0,309.0,47.0,36.0,0.0,55.0,7.0,0.0,2.0,0.0,2.0,24.0,1.0,0.0,0.0,0.0,0.0,4.0,0.0,10.0,390.0,0.0,3.0,0.0,11.0,17.0,47.0,121.0,0.0,46.0,180.0,0.0,30.0,49.0,17.0,73.0,0.0,27.0,37.0,0.0,1.0,23.0,3.0,13.0,2.0,0.0,23.0,0.0,14.0,0.0,0.0,36.0,26.0,4.0,5.0,20.0,10.0,0.0,10.0,0.0,8.0,0.0,16.0,7.0,0.0,30.0,0.0,21.0,0.0,45.0,45.0,6.0,12.0,5.0,0.0,15.0,0.0,0.0,29.0,25.0,5.0,7.0,0.0,13.0,384.0,26.0,0.0,0.0,4.0,8.0,0.0,51.0,0.0,2.0,0.0,76.0,8.0,1.0,0.0,0.0,25.0,528.0,1.0,4.0,8.0,2.0,21.0,67.0,2018-10-01
2018-11-01,45.0,2.0,104.0,9.0,0.0,0.0,0.0,0.0,17.0,143.0,0.0,59.0,6.0,0.0,0.0,0.0,0.0,27.0,9.0,164.0,6.0,47.0,7.0,22.0,0.0,2.0,18.0,0.0,0.0,1665.0,0.0,5.0,27.0,3.0,0.0,2.0,15.0,0.0,0.0,8.0,244.0,5.0,0.0,4.0,0.0,6.0,0.0,0.0,16.0,8.0,42.0,10.0,6.0,5.0,23.0,0.0,228.0,0.0,0.0,6.0,422.0,8.0,1.0,0.0,43.0,1.0,13.0,114.0,0.0,20.0,5.0,8.0,3.0,21.0,9.0,12.0,8.0,94.0,0.0,0.0,0.0,0.0,4.0,125.0,0.0,0.0,71.0,0.0,45.0,362.0,8.0,0.0,0.0,7.0,8.0,8.0,0.0,30.0,4559.0,1.0,21.0,25.0,0.0,16.0,0.0,0.0,17.0,116.0,0.0,19.0,0.0,15.0,20.0,52.0,62.0,7.0,13.0,0.0,0.0,2.0,1.0,7.0,4.0,211.0,9.0,3.0,0.0,22.0,16.0,0.0,691.0,3.0,0.0,0.0,0.0,0.0,0.0,0.0,0.0,4.0,115.0,0.0,0.0,2.0,64.0,52.0,0.0,43.0,0.0,3.0,5.0,0.0,4.0,128.0,0.0,0.0,0.0,63.0,0.0,5.0,0.0,121.0,0.0,2.0,6.0,182.0,0.0,0.0,1.0,7.0,0.0,9.0,6.0,0.0,11.0,103.0,0.0,6.0,0.0,603.0,240.0,39.0,35.0,1.0,46.0,7.0,0.0,2.0,0.0,1.0,21.0,1.0,0.0,0.0,0.0,124.0,3.0,0.0,17.0,621.0,0.0,2.0,0.0,6.0,9.0,47.0,69.0,0.0,46.0,176.0,0.0,29.0,59.0,8.0,74.0,0.0,36.0,29.0,0.0,1.0,11.0,4.0,17.0,2.0,0.0,20.0,80.0,17.0,0.0,0.0,34.0,24.0,3.0,5.0,18.0,9.0,0.0,10.0,0.0,9.0,1.0,18.0,10.0,0.0,22.0,0.0,18.0,1.0,34.0,38.0,4.0,34.0,4.0,0.0,16.0,0.0,0.0,32.0,22.0,4.0,7.0,0.0,8.0,340.0,22.0,0.0,0.0,3.0,14.0,0.0,46.0,0.0,1.0,0.0,120.0,8.0,1.0,0.0,0.0,27.0,372.0,0.0,3.0,5.0,1.0,20.0,62.0,2018-11-01
2018-12-01,56.0,2.0,66.0,10.0,0.0,0.0,0.0,0.0,21.0,156.0,0.0,46.0,5.0,92.0,0.0,0.0,0.0,10.0,10.0,159.0,7.0,53.0,9.0,26.0,0.0,2.0,23.0,0.0,0.0,1146.0,0.0,6.0,26.0,2.0,0.0,2.0,12.0,0.0,0.0,11.0,325.0,5.0,0.0,5.0,0.0,9.0,0.0,0.0,23.0,9.0,51.0,9.0,5.0,8.0,44.0,0.0,266.0,0.0,0.0,7.0,426.0,10.0,0.0,0.0,31.0,2.0,13.0,122.0,0.0,19.0,8.0,7.0,3.0,25.0,9.0,21.0,7.0,0.0,106.0,0.0,0.0,0.0,3.0,135.0,0.0,0.0,81.0,0.0,28.0,130.0,12.0,0.0,0.0,9.0,8.0,11.0,0.0,27.0,6250.0,1.0,23.0,15.0,0.0,22.0,0.0,0.0,29.0,144.0,0.0,19.0,5.0,17.0,33.0,69.0,51.0,9.0,17.0,0.0,0.0,2.0,1.0,9.0,5.0,268.0,14.0,5.0,2.0,40.0,28.0,0.0,733.0,3.0,0.0,0.0,0.0,0.0,0.0,0.0,0.0,3.0,132.0,0.0,0.0,1.0,66.0,21.0,0.0,47.0,0.0,3.0,7.0,0.0,5.0,151.0,0.0,0.0,0.0,91.0,0.0,13.0,0.0,137.0,0.0,1.0,6.0,230.0,0.0,0.0,1.0,8.0,0.0,10.0,6.0,0.0,11.0,114.0,0.0,5.0,0.0,642.0,407.0,50.0,37.0,0.0,194.0,12.0,0.0,2.0,0.0,2.0,24.0,1.0,0.0,0.0,0.0,76.0,4.0,0.0,43.0,278.0,0.0,3.0,0.0,6.0,9.0,49.0,106.0,0.0,55.0,199.0,0.0,31.0,73.0,10.0,88.0,0.0,42.0,90.0,0.0,1.0,11.0,6.0,18.0,2.0,0.0,18.0,33.0,19.0,0.0,0.0,38.0,29.0,4.0,15.0,25.0,70.0,0.0,9.0,0.0,8.0,300.0,5.0,9.0,0.0,30.0,0.0,20.0,1.0,40.0,42.0,3.0,38.0,4.0,0.0,20.0,0.0,0.0,33.0,22.0,5.0,7.0,0.0,13.0,464.0,30.0,0.0,0.0,3.0,9.0,0.0,46.0,0.0,2.0,0.0,116.0,12.0,2.0,0.0,0.0,36.0,334.0,0.0,3.0,5.0,2.0,18.0,72.0,2018-12-01
2019-01-01,51.0,3.0,50.0,9.0,0.0,0.0,46.0,0.0,23.0,181.0,0.0,46.0,5.0,113.0,0.0,0.0,0.0,8.0,10.0,104.0,6.0,59.0,8.0,34.0,0.0,3.0,30.0,0.0,0.0,1065.0,0.0,6.0,25.0,3.0,0.0,3.0,12.0,0.0,0.0,13.0,348.0,5.0,0.0,6.0,0.0,9.0,0.0,0.0,39.0,15.0,76.0,13.0,4.0,8.0,32.0,0.0,281.0,0.0,0.0,8.0,318.0,9.0,0.0,0.0,87.0,2.0,17.0,127.0,0.0,20.0,8.0,8.0,4.0,29.0,11.0,26.0,8.0,0.0,193.0,0.0,0.0,0.0,2.0,135.0,0.0,0.0,103.0,0.0,22.0,52.0,12.0,1.0,0.0,10.0,10.0,9.0,0.0,30.0,5870.0,0.0,23.0,16.0,0.0,22.0,0.0,0.0,30.0,146.0,0.0,22.0,3.0,20.0,32.0,58.0,37.0,11.0,12.0,0.0,0.0,2.0,0.0,10.0,5.0,304.0,9.0,7.0,94.0,92.0,53.0,117.0,849.0,3.0,0.0,0.0,0.0,0.0,0.0,0.0,0.0,2.0,115.0,0.0,0.0,1.0,75.0,9.0,0.0,37.0,0.0,4.0,6.0,0.0,4.0,190.0,0.0,0.0,0.0,104.0,0.0,15.0,0.0,128.0,0.0,0.0,3.0,201.0,0.0,0.0,1.0,9.0,0.0,9.0,7.0,0.0,9.0,132.0,0.0,7.0,0.0,700.0,426.0,47.0,41.0,0.0,108.0,16.0,0.0,2.0,0.0,2.0,30.0,0.0,0.0,0.0,0.0,46.0,4.0,0.0,94.0,129.0,0.0,256.0,0.0,12.0,16.0,52.0,124.0,0.0,56.0,208.0,0.0,36.0,72.0,7.0,90.0,0.0,50.0,264.0,0.0,2.0,10.0,6.0,23.0,2.0,0.0,21.0,18.0,18.0,0.0,0.0,37.0,36.0,4.0,7.0,23.0,64.0,0.0,9.0,0.0,10.0,173.0,0.0,10.0,0.0,25.0,0.0,27.0,1.0,46.0,46.0,3.0,39.0,6.0,0.0,33.0,0.0,0.0,41.0,26.0,6.0,8.0,0.0,13.0,513.0,52.0,0.0,0.0,5.0,8.0,0.0,54.0,0.0,2.0,0.0,93.0,12.0,2.0,0.0,0.0,33.0,360.0,0.0,4.0,6.0,3.0,19.0,68.0,2019-01-01
2019-02-01,33.0,3.0,42.0,10.0,0.0,0.0,282.0,4055.0,23.0,184.0,0.0,30.0,4.0,47.0,0.0,0.0,0.0,7.0,9.0,52.0,4.0,48.0,8.0,25.0,0.0,2.0,36.0,0.0,0.0,626.0,0.0,4.0,22.0,3.0,0.0,3.0,12.0,0.0,0.0,10.0,252.0,4.0,0.0,4.0,0.0,7.0,0.0,0.0,27.0,13.0,54.0,13.0,2.0,6.0,21.0,0.0,220.0,0.0,0.0,7.0,195.0,6.0,0.0,1.0,50.0,1.0,13.0,139.0,0.0,22.0,6.0,5.0,3.0,32.0,11.0,17.0,6.0,0.0,107.0,0.0,0.0,0.0,2.0,107.0,0.0,0.0,105.0,0.0,18.0,24.0,18.0,1.0,0.0,7.0,8.0,7.0,0.0,53.0,4404.0,0.0,16.0,14.0,0.0,19.0,0.0,0.0,17.0,142.0,0.0,19.0,1.0,15.0,24.0,46.0,28.0,8.0,9.0,0.0,0.0,1.0,0.0,9.0,2.0,312.0,5.0,5.0,132.0,20.0,20.0,167.0,726.0,2.0,0.0,0.0,0.0,0.0,0.0,0.0,0.0,1.0,103.0,0.0,0.0,1.0,63.0,5.0,0.0,17.0,0.0,3.0,5.0,60.0,3.0,171.0,0.0,0.0,0.0,76.0,0.0,12.0,0.0,134.0,0.0,0.0,3.0,178.0,0.0,0.0,2.0,8.0,0.0,9.0,6.0,0.0,6.0,118.0,0.0,5.0,0.0,446.0,269.0,43.0,29.0,0.0,40.0,11.0,0.0,1.0,0.0,2.0,32.0,1.0,0.0,0.0,0.0,29.0,2.0,0.0,103.0,68.0,0.0,254.0,0.0,7.0,9.0,58.0,42.0,0.0,51.0,185.0,0.0,36.0,54.0,6.0,82.0,0.0,51.0,174.0,0.0,1.0,9.0,16.0,15.0,2.0,19.0,20.0,9.0,15.0,0.0,0.0,33.0,33.0,3.0,4.0,19.0,43.0,0.0,11.0,0.0,9.0,109.0,0.0,8.0,0.0,25.0,0.0,23.0,0.0,46.0,41.0,2.0,25.0,5.0,0.0,25.0,0.0,0.0,43.0,24.0,4.0,13.0,0.0,12.0,367.0,43.0,50.0,0.0,4.0,5.0,0.0,48.0,0.0,1.0,0.0,69.0,11.0,2.0,0.0,0.0,30.0,385.0,0.0,3.0,5.0,2.0,14.0,65.0,2019-02-01
2019-03-01,30.0,3.0,46.0,10.0,0.0,0.0,98.0,2559.0,22.0,192.0,0.0,31.0,4.0,20.0,0.0,0.0,0.0,7.0,10.0,105.0,3.0,60.0,10.0,29.0,0.0,6.0,37.0,0.0,0.0,577.0,0.0,6.0,26.0,3.0,0.0,67.0,14.0,0.0,0.0,22.0,276.0,4.0,0.0,4.0,0.0,7.0,0.0,0.0,27.0,12.0,55.0,16.0,2.0,6.0,22.0,0.0,227.0,0.0,0.0,7.0,241.0,6.0,1.0,138.0,28.0,1.0,12.0,125.0,0.0,18.0,5.0,6.0,3.0,36.0,10.0,14.0,6.0,0.0,97.0,0.0,0.0,0.0,2.0,102.0,0.0,0.0,111.0,0.0,21.0,28.0,13.0,1.0,0.0,8.0,8.0,11.0,0.0,35.0,4634.0,0.0,15.0,14.0,0.0,20.0,0.0,0.0,16.0,234.0,0.0,20.0,1.0,18.0,29.0,45.0,30.0,8.0,11.0,0.0,0.0,2.0,0.0,11.0,2.0,333.0,6.0,4.0,21.0,9.0,10.0,23.0,729.0,2.0,0.0,0.0,21.0,0.0,0.0,0.0,0.0,0.0,85.0,0.0,0.0,1.0,52.0,5.0,0.0,15.0,0.0,3.0,4.0,24.0,3.0,199.0,0.0,0.0,0.0,44.0,9.0,10.0,0.0,144.0,0.0,0.0,3.0,179.0,0.0,0.0,2.0,8.0,0.0,12.0,7.0,0.0,7.0,119.0,0.0,6.0,0.0,457.0,241.0,45.0,30.0,0.0,135.0,12.0,0.0,2.0,0.0,2.0,32.0,0.0,1.0,0.0,0.0,30.0,3.0,0.0,55.0,56.0,0.0,70.0,0.0,5.0,6.0,60.0,26.0,30.0,61.0,198.0,0.0,33.0,60.0,4.0,92.0,66.0,55.0,127.0,344.0,1.0,8.0,12.0,14.0,2.0,17.0,24.0,8.0,20.0,0.0,0.0,35.0,41.0,5.0,5.0,18.0,24.0,0.0,13.0,0.0,9.0,100.0,0.0,8.0,0.0,28.0,0.0,23.0,0.0,50.0,44.0,2.0,23.0,5.0,0.0,29.0,0.0,0.0,47.0,25.0,4.0,16.0,0.0,12.0,426.0,25.0,538.0,0.0,4.0,5.0,0.0,49.0,0.0,2.0,0.0,79.0,13.0,3.0,0.0,0.0,26.0,364.0,0.0,3.0,4.0,2.0,34.0,71.0,2019-03-01
2019-04-01,27.0,3.0,54.0,10.0,0.0,0.0,18.0,1490.0,23.0,199.0,0.0,32.0,7.0,23.0,0.0,0.0,0.0,7.0,12.0,106.0,2.0,55.0,9.0,26.0,0.0,71.0,96.0,0.0,0.0,664.0,0.0,7.0,32.0,3.0,0.0,28.0,14.0,0.0,0.0,75.0,296.0,4.0,0.0,8.0,0.0,8.0,0.0,0.0,23.0,11.0,43.0,11.0,2.0,11.0,36.0,67.0,249.0,0.0,0.0,8.0,218.0,7.0,1.0,28.0,26.0,1.0,11.0,115.0,0.0,18.0,6.0,4.0,4.0,34.0,9.0,16.0,30.0,0.0,152.0,0.0,0.0,0.0,2.0,108.0,0.0,0.0,124.0,0.0,22.0,28.0,9.0,1.0,0.0,14.0,10.0,10.0,0.0,31.0,4675.0,0.0,18.0,17.0,0.0,21.0,0.0,0.0,18.0,343.0,0.0,23.0,0.0,20.0,32.0,74.0,36.0,9.0,12.0,0.0,0.0,2.0,0.0,9.0,3.0,349.0,8.0,4.0,17.0,7.0,7.0,15.0,808.0,2.0,0.0,0.0,60.0,0.0,6.0,0.0,0.0,0.0,71.0,0.0,0.0,1.0,74.0,4.0,0.0,14.0,0.0,3.0,4.0,8.0,3.0,255.0,0.0,0.0,0.0,55.0,117.0,11.0,0.0,149.0,0.0,0.0,3.0,186.0,0.0,0.0,2.0,7.0,0.0,9.0,4.0,0.0,10.0,118.0,0.0,6.0,0.0,501.0,298.0,48.0,33.0,0.0,80.0,17.0,0.0,3.0,0.0,3.0,27.0,1.0,1.0,0.0,0.0,27.0,3.0,0.0,61.0,47.0,0.0,37.0,0.0,4.0,6.0,63.0,24.0,148.0,76.0,216.0,0.0,33.0,65.0,6.0,101.0,35.0,60.0,83.0,309.0,1.0,6.0,8.0,10.0,2.0,9.0,25.0,7.0,25.0,0.0,0.0,37.0,41.0,7.0,5.0,18.0,16.0,0.0,12.0,0.0,7.0,98.0,0.0,9.0,0.0,26.0,0.0,27.0,0.0,63.0,46.0,1.0,21.0,6.0,0.0,24.0,0.0,0.0,41.0,24.0,4.0,11.0,0.0,9.0,437.0,7.0,293.0,0.0,4.0,5.0,0.0,50.0,0.0,2.0,0.0,81.0,9.0,3.0,1.0,88.0,28.0,355.0,0.0,3.0,4.0,1.0,9.0,74.0,2019-04-01
2019-05-01,33.0,2.0,52.0,10.0,0.0,0.0,8.0,1033.0,23.0,202.0,0.0,31.0,8.0,23.0,0.0,15.0,0.0,8.0,14.0,58.0,1.0,52.0,10.0,23.0,0.0,17.0,56.0,0.0,0.0,647.0,0.0,7.0,33.0,3.0,0.0,16.0,14.0,0.0,1.0,41.0,309.0,4.0,0.0,7.0,0.0,9.0,0.0,0.0,22.0,12.0,45.0,11.0,2.0,146.0,40.0,114.0,263.0,0.0,0.0,8.0,242.0,6.0,0.0,11.0,80.0,1.0,14.0,125.0,0.0,17.0,5.0,4.0,6.0,33.0,9.0,17.0,17.0,0.0,146.0,0.0,0.0,0.0,2.0,118.0,0.0,0.0,143.0,0.0,27.0,29.0,8.0,1.0,0.0,15.0,11.0,9.0,0.0,32.0,4302.0,0.0,17.0,16.0,0.0,21.0,0.0,0.0,18.0,317.0,0.0,27.0,2.0,19.0,29.0,65.0,36.0,8.0,16.0,0.0,0.0,1.0,0.0,9.0,2.0,354.0,7.0,4.0,14.0,7.0,6.0,13.0,845.0,2.0,0.0,0.0,40.0,0.0,130.0,0.0,0.0,0.0,68.0,0.0,0.0,1.0,82.0,5.0,0.0,16.0,0.0,3.0,5.0,5.0,3.0,339.0,0.0,0.0,0.0,87.0,114.0,3.0,0.0,153.0,0.0,0.0,3.0,189.0,0.0,0.0,1.0,8.0,0.0,11.0,4.0,1.0,11.0,115.0,0.0,5.0,0.0,537.0,357.0,36.0,35.0,0.0,61.0,21.0,0.0,4.0,0.0,2.0,27.0,1.0,1.0,0.0,0.0,26.0,4.0,0.0,62.0,63.0,0.0,27.0,0.0,6.0,7.0,67.0,21.0,41.0,65.0,229.0,0.0,32.0,63.0,7.0,97.0,18.0,58.0,133.0,83.0,1.0,5.0,7.0,10.0,2.0,7.0,23.0,7.0,25.0,0.0,0.0,36.0,36.0,7.0,8.0,15.0,14.0,0.0,17.0,0.0,8.0,78.0,0.0,8.0,0.0,25.0,0.0,26.0,0.0,87.0,49.0,2.0,20.0,5.0,0.0,22.0,0.0,0.0,47.0,24.0,3.0,9.0,0.0,28.0,441.0,6.0,115.0,0.0,4.0,5.0,0.0,50.0,0.0,2.0,0.0,72.0,9.0,3.0,0.0,36.0,29.0,422.0,0.0,3.0,4.0,1.0,7.0,75.0,2019-05-01
2019-06-01,35.0,2.0,70.0,19.0,0.0,0.0,5.0,955.0,24.0,196.0,0.0,30.0,5.0,18.0,0.0,99.0,0.0,9.0,13.0,57.0,2.0,53.0,9.0,19.0,63.0,8.0,113.0,0.0,0.0,662.0,0.0,11.0,39.0,4.0,0.0,20.0,15.0,0.0,1.0,20.0,310.0,5.0,0.0,5.0,0.0,17.0,0.0,0.0,24.0,11.0,45.0,12.0,2.0,177.0,91.0,32.0,297.0,0.0,0.0,7.0,437.0,9.0,1.0,9.0,51.0,1.0,14.0,116.0,49.0,14.0,5.0,4.0,3.0,36.0,13.0,14.0,17.0,0.0,123.0,0.0,0.0,0.0,2.0,104.0,0.0,0.0,206.0,0.0,29.0,71.0,7.0,1.0,0.0,10.0,15.0,8.0,0.0,24.0,3985.0,0.0,25.0,16.0,0.0,28.0,0.0,0.0,16.0,308.0,0.0,23.0,2.0,21.0,30.0,52.0,35.0,7.0,21.0,0.0,0.0,0.0,0.0,10.0,4.0,366.0,8.0,5.0,9.0,6.0,4.0,8.0,814.0,1.0,0.0,0.0,33.0,0.0,40.0,0.0,0.0,0.0,51.0,0.0,0.0,1.0,59.0,7.0,0.0,20.0,0.0,2.0,5.0,11.0,3.0,400.0,0.0,0.0,0.0,77.0,56.0,2.0,0.0,156.0,0.0,0.0,2.0,212.0,0.0,0.0,1.0,8.0,0.0,9.0,4.0,0.0,11.0,105.0,0.0,6.0,0.0,508.0,341.0,33.0,33.0,0.0,165.0,15.0,0.0,4.0,0.0,3.0,25.0,1.0,1.0,0.0,0.0,30.0,4.0,0.0,67.0,56.0,0.0,21.0,0.0,5.0,6.0,60.0,20.0,23.0,81.0,228.0,0.0,30.0,78.0,9.0,86.0,13.0,58.0,76.0,39.0,1.0,4.0,5.0,11.0,2.0,7.0,23.0,5.0,22.0,0.0,0.0,35.0,33.0,9.0,10.0,16.0,14.0,0.0,23.0,34.0,8.0,80.0,0.0,7.0,146.0,26.0,1.0,33.0,0.0,78.0,48.0,2.0,19.0,5.0,0.0,36.0,0.0,0.0,55.0,31.0,12.0,9.0,0.0,17.0,586.0,5.0,77.0,0.0,4.0,5.0,0.0,51.0,0.0,3.0,0.0,66.0,9.0,7.0,0.0,17.0,27.0,391.0,0.0,3.0,4.0,2.0,5.0,77.0,2019-06-01
2019-07-01,38.0,1.0,74.0,18.0,0.0,0.0,4.0,1352.0,28.0,193.0,0.0,29.0,5.0,13.0,0.0,32.0,0.0,9.0,13.0,48.0,1.0,52.0,7.0,19.0,25.0,7.0,57.0,0.0,0.0,698.0,0.0,11.0,40.0,4.0,0.0,16.0,16.0,0.0,0.0,18.0,313.0,4.0,0.0,5.0,0.0,13.0,0.0,0.0,23.0,11.0,45.0,9.0,0.0,49.0,91.0,16.0,276.0,0.0,0.0,7.0,393.0,53.0,1.0,6.0,25.0,2.0,13.0,112.0,48.0,14.0,8.0,3.0,3.0,34.0,11.0,16.0,9.0,0.0,110.0,0.0,0.0,0.0,1.0,78.0,0.0,0.0,268.0,0.0,27.0,32.0,7.0,0.0,0.0,9.0,21.0,7.0,44.0,21.0,3756.0,0.0,18.0,22.0,16.0,23.0,0.0,0.0,13.0,391.0,0.0,19.0,0.0,20.0,26.0,38.0,29.0,6.0,25.0,0.0,0.0,0.0,0.0,9.0,3.0,357.0,7.0,6.0,6.0,6.0,4.0,6.0,704.0,2.0,0.0,0.0,29.0,0.0,17.0,0.0,0.0,0.0,35.0,30.0,0.0,1.0,59.0,3.0,0.0,22.0,0.0,3.0,6.0,5.0,6.0,654.0,0.0,0.0,0.0,79.0,37.0,1.0,0.0,151.0,0.0,0.0,2.0,205.0,0.0,0.0,1.0,8.0,0.0,7.0,3.0,0.0,12.0,105.0,0.0,7.0,0.0,520.0,362.0,34.0,35.0,0.0,85.0,12.0,0.0,3.0,0.0,2.0,28.0,1.0,1.0,0.0,0.0,28.0,8.0,0.0,61.0,45.0,0.0,21.0,0.0,7.0,6.0,57.0,19.0,19.0,86.0,224.0,0.0,30.0,94.0,14.0,80.0,20.0,54.0,67.0,28.0,1.0,5.0,6.0,11.0,4.0,3.0,30.0,5.0,23.0,0.0,0.0,33.0,34.0,6.0,6.0,16.0,14.0,0.0,1.0,164.0,6.0,77.0,0.0,8.0,449.0,28.0,1.0,29.0,0.0,55.0,45.0,2.0,20.0,5.0,0.0,33.0,0.0,0.0,43.0,37.0,15.0,9.0,0.0,13.0,549.0,5.0,54.0,0.0,3.0,5.0,0.0,50.0,0.0,3.0,0.0,94.0,7.0,4.0,1.0,7.0,25.0,403.0,0.0,3.0,5.0,1.0,3.0,78.0,2019-07-01
2019-08-01,34.0,2.0,61.0,10.0,0.0,0.0,9.0,1088.0,25.0,192.0,0.0,26.0,4.0,9.0,0.0,11.0,0.0,8.0,15.0,48.0,1.0,52.0,7.0,20.0,7.0,6.0,47.0,0.0,0.0,591.0,0.0,8.0,33.0,3.0,0.0,21.0,16.0,47.0,0.0,14.0,322.0,3.0,0.0,4.0,0.0,13.0,0.0,0.0,23.0,10.0,41.0,8.0,0.0,30.0,75.0,11.0,271.0,0.0,1.0,6.0,354.0,18.0,1.0,8.0,41.0,2.0,10.0,110.0,26.0,18.0,6.0,5.0,3.0,34.0,11.0,15.0,7.0,0.0,106.0,0.0,0.0,0.0,1.0,60.0,0.0,0.0,243.0,0.0,30.0,26.0,5.0,0.0,0.0,8.0,16.0,6.0,85.0,34.0,3413.0,0.0,15.0,16.0,0.0,28.0,0.0,0.0,12.0,367.0,0.0,19.0,1.0,20.0,26.0,48.0,30.0,7.0,46.0,0.0,0.0,0.0,0.0,10.0,2.0,371.0,6.0,8.0,6.0,6.0,4.0,5.0,754.0,2.0,0.0,0.0,19.0,0.0,10.0,0.0,0.0,0.0,4.0,184.0,0.0,1.0,48.0,3.0,0.0,18.0,0.0,2.0,6.0,5.0,4.0,750.0,0.0,0.0,0.0,82.0,32.0,1.0,0.0,154.0,0.0,0.0,1.0,130.0,6.0,0.0,1.0,7.0,0.0,9.0,3.0,0.0,88.0,94.0,0.0,6.0,0.0,573.0,383.0,30.0,37.0,0.0,35.0,11.0,0.0,2.0,0.0,2.0,28.0,2.0,1.0,0.0,0.0,22.0,6.0,0.0,53.0,45.0,135.0,18.0,0.0,7.0,6.0,59.0,21.0,12.0,77.0,200.0,0.0,28.0,82.0,10.0,76.0,10.0,51.0,64.0,22.0,1.0,4.0,4.0,12.0,2.0,3.0,18.0,4.0,20.0,0.0,0.0,33.0,28.0,4.0,5.0,22.0,17.0,0.0,0.0,85.0,5.0,78.0,0.0,7.0,215.0,35.0,0.0,24.0,0.0,47.0,43.0,3.0,16.0,5.0,0.0,27.0,0.0,0.0,38.0,30.0,6.0,11.0,0.0,10.0,495.0,5.0,41.0,0.0,4.0,4.0,0.0,48.0,0.0,2.0,0.0,77.0,16.0,2.0,0.0,5.0,25.0,963.0,0.0,3.0,5.0,1.0,3.0,77.0,2019-08-01
2019-09-01,31.0,1.0,43.0,10.0,0.0,0.0,5.0,839.0,22.0,186.0,0.0,21.0,3.0,3.0,0.0,3.0,0.0,7.0,12.0,39.0,0.0,43.0,7.0,16.0,4.0,5.0,37.0,635.0,0.0,455.0,0.0,6.0,28.0,2.0,0.0,16.0,13.0,313.0,48.0,13.0,301.0,2.0,0.0,3.0,0.0,7.0,0.0,0.0,18.0,9.0,34.0,5.0,0.0,29.0,53.0,8.0,306.0,0.0,0.0,6.0,274.0,8.0,1.0,6.0,31.0,1.0,9.0,112.0,13.0,18.0,4.0,5.0,2.0,34.0,10.0,16.0,6.0,0.0,107.0,0.0,0.0,0.0,1.0,24.0,71.0,0.0,135.0,0.0,21.0,21.0,5.0,0.0,0.0,7.0,10.0,5.0,28.0,20.0,2277.0,0.0,14.0,15.0,213.0,11.0,0.0,0.0,9.0,265.0,0.0,20.0,0.0,19.0,21.0,41.0,23.0,5.0,48.0,0.0,0.0,0.0,0.0,8.0,2.0,372.0,5.0,7.0,5.0,6.0,4.0,4.0,745.0,2.0,0.0,0.0,12.0,0.0,8.0,0.0,0.0,0.0,3.0,143.0,0.0,1.0,49.0,2.0,0.0,12.0,0.0,1.0,5.0,3.0,3.0,590.0,0.0,0.0,0.0,142.0,21.0,1.0,0.0,147.0,0.0,0.0,0.0,26.0,306.0,0.0,1.0,6.0,0.0,9.0,3.0,0.0,27.0,82.0,0.0,5.0,0.0,461.0,288.0,27.0,31.0,0.0,94.0,10.0,0.0,1.0,0.0,2.0,30.0,2.0,0.0,0.0,0.0,19.0,3.0,0.0,44.0,79.0,56.0,15.0,0.0,5.0,5.0,59.0,16.0,27.0,58.0,194.0,0.0,25.0,65.0,8.0,70.0,6.0,50.0,69.0,16.0,0.0,4.0,4.0,14.0,2.0,2.0,16.0,19.0,18.0,0.0,0.0,30.0,26.0,3.0,4.0,16.0,12.0,0.0,0.0,52.0,5.0,80.0,0.0,6.0,100.0,39.0,0.0,19.0,0.0,42.0,34.0,2.0,17.0,6.0,0.0,20.0,53.0,0.0,38.0,23.0,3.0,8.0,33.0,11.0,506.0,4.0,25.0,0.0,3.0,6.0,0.0,43.0,0.0,2.0,0.0,57.0,6.0,2.0,0.0,5.0,25.0,1410.0,0.0,2.0,4.0,1.0,3.0,76.0,2019-09-01
2019-10-01,66.0,1.0,32.0,9.0,0.0,0.0,2.0,1123.0,19.0,183.0,0.0,13.0,2.0,17.0,0.0,2.0,0.0,5.0,9.0,39.0,0.0,32.0,6.0,19.0,4.0,1.0,9.0,149.0,0.0,336.0,0.0,7.0,23.0,2.0,42.0,13.0,14.0,661.0,91.0,13.0,276.0,4.0,0.0,3.0,0.0,8.0,0.0,0.0,15.0,7.0,29.0,7.0,0.0,26.0,49.0,6.0,268.0,0.0,0.0,3.0,763.0,4.0,0.0,4.0,18.0,1.0,9.0,96.0,10.0,15.0,3.0,10.0,2.0,31.0,9.0,11.0,4.0,0.0,141.0,0.0,0.0,0.0,0.0,5.0,139.0,0.0,111.0,0.0,19.0,18.0,4.0,0.0,0.0,6.0,8.0,5.0,14.0,17.0,2250.0,0.0,12.0,16.0,48.0,1.0,0.0,0.0,10.0,222.0,0.0,15.0,1.0,15.0,20.0,35.0,23.0,4.0,26.0,0.0,0.0,0.0,0.0,7.0,1.0,381.0,7.0,3.0,4.0,4.0,3.0,3.0,750.0,2.0,0.0,6.0,21.0,0.0,5.0,0.0,0.0,0.0,2.0,117.0,0.0,0.0,53.0,1.0,0.0,8.0,0.0,1.0,3.0,2.0,3.0,357.0,0.0,0.0,0.0,70.0,23.0,0.0,0.0,145.0,0.0,0.0,0.0,8.0,182.0,0.0,1.0,5.0,0.0,8.0,3.0,0.0,8.0,79.0,0.0,11.0,0.0,401.0,234.0,22.0,26.0,0.0,42.0,8.0,0.0,1.0,0.0,1.0,26.0,1.0,0.0,0.0,0.0,23.0,3.0,0.0,33.0,58.0,8.0,24.0,0.0,8.0,11.0,54.0,12.0,16.0,53.0,185.0,0.0,24.0,62.0,7.0,66.0,5.0,50.0,68.0,13.0,0.0,2.0,4.0,10.0,1.0,5.0,14.0,13.0,14.0,0.0,0.0,25.0,24.0,4.0,4.0,15.0,11.0,0.0,0.0,42.0,6.0,68.0,0.0,5.0,81.0,29.0,0.0,16.0,0.0,36.0,30.0,4.0,16.0,21.0,0.0,16.0,24.0,111.0,29.0,16.0,3.0,5.0,75.0,4.0,377.0,3.0,24.0,0.0,3.0,5.0,0.0,43.0,0.0,3.0,0.0,40.0,5.0,1.0,0.0,7.0,25.0,688.0,0.0,1.0,3.0,0.0,2.0,65.0,2019-10-01
2019-11-01,64.0,1.0,39.0,9.0,0.0,0.0,3.0,699.0,15.0,173.0,0.0,12.0,2.0,29.0,0.0,0.0,0.0,5.0,7.0,45.0,0.0,29.0,5.0,17.0,3.0,1.0,6.0,54.0,0.0,153.0,0.0,5.0,19.0,2.0,17.0,3.0,7.0,1392.0,19.0,13.0,261.0,4.0,0.0,3.0,0.0,7.0,0.0,0.0,17.0,8.0,32.0,9.0,1.0,16.0,44.0,6.0,268.0,246.0,0.0,3.0,382.0,5.0,0.0,5.0,60.0,1.0,9.0,97.0,9.0,13.0,4.0,4.0,1.0,31.0,8.0,10.0,4.0,0.0,247.0,0.0,0.0,0.0,1.0,4.0,109.0,0.0,150.0,0.0,20.0,15.0,4.0,0.0,0.0,6.0,10.0,5.0,9.0,28.0,2072.0,0.0,12.0,14.0,24.0,1.0,0.0,0.0,13.0,208.0,0.0,15.0,0.0,14.0,21.0,59.0,25.0,5.0,15.0,0.0,0.0,0.0,0.0,6.0,2.0,391.0,5.0,3.0,5.0,5.0,4.0,4.0,747.0,2.0,0.0,51.0,17.0,0.0,5.0,0.0,0.0,0.0,3.0,115.0,0.0,0.0,44.0,0.0,0.0,9.0,0.0,1.0,4.0,2.0,4.0,296.0,0.0,0.0,0.0,43.0,20.0,1.0,0.0,148.0,0.0,0.0,0.0,11.0,163.0,0.0,1.0,5.0,0.0,7.0,24.0,4.0,6.0,85.0,0.0,6.0,0.0,427.0,205.0,25.0,29.0,0.0,35.0,8.0,1.0,1.0,0.0,1.0,28.0,1.0,0.0,0.0,356.0,15.0,3.0,0.0,25.0,174.0,9.0,19.0,0.0,6.0,6.0,55.0,8.0,10.0,61.0,179.0,0.0,25.0,65.0,4.0,73.0,5.0,52.0,80.0,14.0,0.0,3.0,6.0,9.0,1.0,4.0,11.0,11.0,16.0,230.0,0.0,27.0,32.0,3.0,4.0,15.0,14.0,0.0,0.0,32.0,5.0,75.0,0.0,4.0,95.0,25.0,0.0,22.0,0.0,34.0,33.0,2.0,17.0,11.0,0.0,15.0,6.0,106.0,34.0,17.0,3.0,6.0,12.0,2.0,324.0,3.0,18.0,0.0,3.0,4.0,0.0,43.0,0.0,2.0,0.0,53.0,6.0,1.0,0.0,6.0,26.0,542.0,0.0,1.0,5.0,0.0,1.0,63.0,2019-11-01
2019-12-01,51.0,2.0,44.0,14.0,0.0,0.0,5.0,732.0,16.0,182.0,0.0,17.0,3.0,24.0,0.0,0.0,0.0,4.0,7.0,39.0,1.0,39.0,5.0,20.0,3.0,1.0,5.0,45.0,0.0,198.0,0.0,7.0,25.0,3.0,15.0,2.0,6.0,1114.0,19.0,23.0,310.0,4.0,0.0,4.0,1.0,9.0,0.0,0.0,21.0,11.0,42.0,8.0,2.0,23.0,61.0,10.0,276.0,57.0,0.0,4.0,350.0,9.0,0.0,8.0,48.0,1.0,11.0,102.0,5.0,19.0,6.0,3.0,2.0,27.0,9.0,14.0,5.0,0.0,276.0,0.0,0.0,0.0,1.0,2.0,112.0,0.0,130.0,0.0,23.0,17.0,6.0,1.0,0.0,9.0,9.0,5.0,7.0,17.0,2329.0,0.0,17.0,14.0,25.0,0.0,0.0,0.0,20.0,308.0,0.0,15.0,9.0,10.0,227.0,65.0,28.0,7.0,26.0,0.0,0.0,0.0,0.0,6.0,7.0,463.0,7.0,3.0,8.0,7.0,5.0,6.0,858.0,2.0,0.0,8.0,15.0,0.0,7.0,0.0,0.0,0.0,2.0,145.0,0.0,0.0,43.0,1.0,0.0,13.0,0.0,1.0,4.0,3.0,4.0,365.0,0.0,0.0,0.0,76.0,21.0,1.0,0.0,168.0,0.0,0.0,0.0,10.0,181.0,0.0,1.0,6.0,0.0,8.0,12.0,0.0,10.0,87.0,0.0,4.0,0.0,450.0,234.0,29.0,31.0,0.0,162.0,9.0,0.0,2.0,0.0,1.0,32.0,1.0,0.0,0.0,210.0,1.0,2.0,0.0,25.0,136.0,10.0,41.0,0.0,6.0,6.0,59.0,7.0,26.0,74.0,229.0,0.0,26.0,83.0,7.0,80.0,5.0,55.0,99.0,36.0,1.0,4.0,9.0,11.0,2.0,2.0,12.0,7.0,45.0,106.0,0.0,30.0,62.0,4.0,3.0,26.0,19.0,0.0,0.0,41.0,6.0,68.0,0.0,5.0,94.0,35.0,0.0,42.0,0.0,40.0,41.0,2.0,25.0,9.0,0.0,19.0,3.0,28.0,32.0,54.0,3.0,31.0,9.0,1.0,413.0,6.0,24.0,0.0,3.0,5.0,0.0,46.0,0.0,1.0,0.0,71.0,5.0,2.0,0.0,8.0,36.0,477.0,0.0,2.0,6.0,1.0,2.0,67.0,2019-12-01
2020-01-01,52.0,2.0,53.0,13.0,0.0,0.0,4.0,812.0,19.0,201.0,0.0,21.0,4.0,20.0,0.0,0.0,0.0,5.0,8.0,39.0,1.0,49.0,5.0,25.0,3.0,1.0,8.0,35.0,0.0,230.0,0.0,20.0,31.0,4.0,15.0,2.0,7.0,908.0,16.0,26.0,351.0,3.0,0.0,5.0,0.0,16.0,0.0,126.0,27.0,14.0,53.0,8.0,31.0,26.0,61.0,10.0,297.0,28.0,0.0,6.0,294.0,9.0,0.0,7.0,24.0,1.0,12.0,97.0,5.0,16.0,5.0,5.0,2.0,32.0,11.0,15.0,7.0,0.0,659.0,0.0,0.0,0.0,0.0,2.0,126.0,0.0,117.0,0.0,24.0,17.0,7.0,1.0,0.0,11.0,9.0,7.0,10.0,19.0,2283.0,0.0,16.0,14.0,23.0,0.0,0.0,0.0,19.0,354.0,0.0,16.0,18.0,14.0,54.0,59.0,29.0,9.0,28.0,0.0,0.0,1.0,0.0,8.0,5.0,505.0,5.0,4.0,25.0,9.0,6.0,31.0,1032.0,2.0,0.0,6.0,15.0,0.0,8.0,0.0,0.0,0.0,1.0,131.0,0.0,1.0,53.0,1.0,0.0,11.0,0.0,1.0,3.0,3.0,5.0,385.0,0.0,0.0,92.0,161.0,23.0,1.0,0.0,190.0,0.0,0.0,0.0,9.0,179.0,0.0,2.0,6.0,0.0,8.0,9.0,0.0,12.0,96.0,0.0,5.0,0.0,474.0,251.0,27.0,37.0,0.0,125.0,10.0,0.0,3.0,0.0,1.0,31.0,1.0,0.0,0.0,141.0,1.0,2.0,0.0,27.0,95.0,8.0,41.0,0.0,8.0,7.0,63.0,8.0,27.0,74.0,253.0,0.0,29.0,86.0,7.0,87.0,6.0,53.0,98.0,41.0,1.0,4.0,9.0,17.0,1.0,0.0,15.0,8.0,60.0,61.0,0.0,31.0,63.0,4.0,4.0,25.0,21.0,0.0,0.0,39.0,7.0,88.0,0.0,5.0,78.0,31.0,64.0,32.0,0.0,50.0,45.0,2.0,25.0,8.0,0.0,27.0,4.0,16.0,41.0,115.0,4.0,15.0,7.0,2.0,481.0,6.0,30.0,0.0,5.0,5.0,0.0,49.0,0.0,2.0,0.0,54.0,6.0,2.0,2.0,8.0,34.0,495.0,0.0,2.0,5.0,1.0,24.0,59.0,2020-01-01
2020-02-01,51.0,2.0,68.0,12.0,1.0,0.0,5.0,1367.0,22.0,220.0,0.0,19.0,3.0,15.0,0.0,0.0,0.0,5.0,8.0,40.0,1.0,56.0,7.0,27.0,2.0,1.0,8.0,37.0,0.0,236.0,0.0,22.0,33.0,4.0,12.0,2.0,6.0,867.0,13.0,25.0,334.0,4.0,0.0,6.0,0.0,23.0,0.0,44.0,30.0,16.0,57.0,10.0,18.0,24.0,60.0,9.0,311.0,16.0,1.0,7.0,298.0,8.0,0.0,7.0,19.0,1.0,12.0,103.0,6.0,26.0,4.0,4.0,3.0,40.0,15.0,14.0,6.0,0.0,769.0,0.0,0.0,0.0,0.0,2.0,138.0,0.0,205.0,0.0,27.0,19.0,8.0,1.0,0.0,11.0,11.0,10.0,16.0,25.0,2197.0,0.0,15.0,13.0,19.0,0.0,0.0,0.0,16.0,374.0,0.0,20.0,11.0,16.0,36.0,52.0,28.0,9.0,48.0,0.0,0.0,1.0,0.0,9.0,2.0,517.0,5.0,12.0,16.0,9.0,8.0,20.0,961.0,2.0,0.0,4.0,16.0,0.0,8.0,0.0,0.0,0.0,0.0,112.0,0.0,1.0,50.0,1.0,0.0,10.0,0.0,2.0,3.0,12.0,4.0,410.0,0.0,0.0,59.0,109.0,22.0,1.0,0.0,170.0,0.0,0.0,0.0,8.0,188.0,0.0,2.0,7.0,0.0,9.0,11.0,1.0,17.0,108.0,0.0,5.0,0.0,478.0,224.0,24.0,36.0,0.0,51.0,10.0,0.0,13.0,0.0,1.0,35.0,3.0,0.0,0.0,118.0,3.0,3.0,0.0,32.0,74.0,5.0,36.0,0.0,9.0,9.0,73.0,6.0,20.0,71.0,255.0,0.0,35.0,82.0,6.0,95.0,28.0,58.0,95.0,30.0,1.0,4.0,7.0,15.0,2.0,0.0,17.0,9.0,36.0,23.0,0.0,31.0,62.0,5.0,4.0,25.0,26.0,0.0,1.0,42.0,8.0,95.0,0.0,5.0,58.0,30.0,41.0,28.0,0.0,55.0,44.0,2.0,23.0,9.0,0.0,31.0,3.0,10.0,59.0,58.0,4.0,10.0,6.0,2.0,461.0,8.0,118.0,0.0,4.0,6.0,0.0,52.0,0.0,1.0,0.0,53.0,7.0,2.0,94.0,5.0,34.0,619.0,0.0,2.0,5.0,1.0,11.0,59.0,2020-02-01
2020-03-01,48.0,2.0,91.0,13.0,1.0,364.0,3.0,1021.0,22.0,246.0,0.0,28.0,5.0,7.0,0.0,0.0,0.0,4.0,7.0,30.0,1.0,65.0,5.0,31.0,2.0,2.0,9.0,79.0,0.0,137.0,0.0,14.0,46.0,4.0,11.0,3.0,7.0,2460.0,9.0,22.0,389.0,4.0,0.0,5.0,0.0,46.0,225.0,15.0,27.0,15.0,56.0,10.0,8.0,23.0,48.0,9.0,331.0,12.0,1.0,6.0,481.0,9.0,1.0,5.0,51.0,1.0,20.0,107.0,7.0,27.0,4.0,4.0,3.0,48.0,14.0,12.0,7.0,0.0,559.0,0.0,0.0,0.0,0.0,3.0,149.0,0.0,171.0,0.0,27.0,20.0,9.0,1.0,9.0,14.0,10.0,11.0,11.0,23.0,2196.0,0.0,16.0,16.0,19.0,0.0,3.0,0.0,19.0,373.0,0.0,20.0,8.0,17.0,63.0,59.0,29.0,9.0,52.0,0.0,0.0,1.0,0.0,38.0,2.0,590.0,6.0,7.0,11.0,10.0,10.0,10.0,961.0,1.0,0.0,3.0,7.0,74.0,7.0,0.0,0.0,0.0,0.0,106.0,0.0,1.0,56.0,0.0,0.0,10.0,0.0,2.0,3.0,6.0,4.0,548.0,0.0,0.0,15.0,104.0,26.0,1.0,19.0,226.0,0.0,0.0,0.0,10.0,235.0,0.0,2.0,7.0,0.0,15.0,16.0,82.0,13.0,117.0,67.0,7.0,0.0,503.0,155.0,20.0,31.0,0.0,125.0,11.0,9.0,19.0,0.0,2.0,42.0,4.0,0.0,0.0,92.0,3.0,2.0,0.0,25.0,63.0,4.0,48.0,12.0,9.0,10.0,74.0,4.0,21.0,88.0,281.0,0.0,33.0,84.0,6.0,91.0,25.0,67.0,100.0,27.0,21.0,6.0,8.0,14.0,3.0,18.0,16.0,8.0,26.0,19.0,0.0,35.0,64.0,15.0,15.0,21.0,27.0,0.0,1.0,41.0,9.0,96.0,0.0,5.0,108.0,31.0,10.0,30.0,0.0,48.0,47.0,2.0,32.0,12.0,0.0,34.0,3.0,8.0,54.0,44.0,4.0,8.0,8.0,3.0,523.0,7.0,167.0,0.0,5.0,6.0,1.0,57.0,0.0,2.0,0.0,54.0,7.0,2.0,15.0,27.0,34.0,595.0,0.0,3.0,4.0,1.0,3.0,63.0,2020-03-01
2020-04-01,42.0,4.0,61.0,15.0,2.0,359.0,2.0,688.0,19.0,249.0,0.0,24.0,5.0,4.0,0.0,0.0,0.0,5.0,6.0,19.0,2.0,49.0,6.0,26.0,2.0,2.0,9.0,62.0,0.0,78.0,0.0,14.0,57.0,4.0,11.0,6.0,8.0,2109.0,8.0,20.0,324.0,5.0,0.0,5.0,0.0,14.0,75.0,12.0,28.0,12.0,57.0,10.0,7.0,19.0,41.0,9.0,298.0,10.0,0.0,7.0,323.0,10.0,0.0,4.0,31.0,1.0,14.0,87.0,4.0,18.0,3.0,3.0,2.0,50.0,13.0,17.0,5.0,0.0,348.0,0.0,0.0,0.0,0.0,2.0,187.0,0.0,124.0,0.0,20.0,69.0,6.0,1.0,500.0,11.0,6.0,8.0,5.0,18.0,2023.0,0.0,16.0,15.0,24.0,0.0,0.0,0.0,18.0,362.0,0.0,19.0,3.0,18.0,42.0,71.0,27.0,8.0,37.0,0.0,0.0,1.0,0.0,51.0,3.0,604.0,5.0,4.0,5.0,11.0,7.0,6.0,763.0,2.0,0.0,2.0,0.0,74.0,6.0,0.0,0.0,0.0,0.0,102.0,0.0,1.0,66.0,0.0,0.0,13.0,0.0,1.0,3.0,5.0,4.0,559.0,2.0,0.0,10.0,78.0,19.0,1.0,89.0,307.0,0.0,0.0,0.0,7.0,255.0,0.0,2.0,7.0,0.0,12.0,6.0,26.0,17.0,133.0,15.0,10.0,0.0,361.0,107.0,17.0,33.0,0.0,71.0,6.0,109.0,13.0,0.0,2.0,46.0,5.0,1.0,0.0,71.0,3.0,2.0,0.0,21.0,56.0,8.0,42.0,222.0,10.0,11.0,72.0,2.0,44.0,100.0,263.0,0.0,34.0,72.0,4.0,85.0,16.0,65.0,113.0,28.0,6.0,4.0,9.0,11.0,1.0,13.0,16.0,8.0,20.0,17.0,0.0,29.0,41.0,7.0,7.0,18.0,29.0,0.0,0.0,51.0,8.0,98.0,0.0,5.0,94.0,26.0,5.0,39.0,0.0,57.0,44.0,2.0,28.0,9.0,0.0,29.0,2.0,6.0,47.0,34.0,3.0,7.0,7.0,2.0,395.0,3.0,52.0,0.0,15.0,7.0,1842.0,62.0,0.0,1.0,0.0,46.0,8.0,2.0,2.0,26.0,31.0,544.0,0.0,3.0,5.0,2.0,1.0,52.0,2020-04-01
2020-05-01,48.0,4.0,57.0,11.0,5.0,220.0,3.0,951.0,18.0,276.0,0.0,54.0,12.0,5.0,0.0,0.0,0.0,7.0,9.0,16.0,2.0,51.0,6.0,31.0,5.0,2.0,12.0,43.0,0.0,84.0,0.0,17.0,72.0,6.0,13.0,4.0,18.0,2154.0,8.0,21.0,265.0,5.0,0.0,6.0,0.0,7.0,30.0,9.0,38.0,16.0,76.0,13.0,3.0,20.0,52.0,7.0,372.0,6.0,1.0,9.0,288.0,14.0,0.0,4.0,25.0,2.0,15.0,95.0,3.0,25.0,3.0,5.0,3.0,56.0,12.0,16.0,5.0,0.0,348.0,0.0,0.0,0.0,0.0,2.0,247.0,0.0,144.0,0.0,22.0,66.0,8.0,1.0,124.0,15.0,7.0,9.0,8.0,20.0,2639.0,0.0,17.0,21.0,26.0,1.0,0.0,0.0,21.0,495.0,0.0,23.0,6.0,18.0,81.0,59.0,28.0,10.0,39.0,0.0,0.0,1.0,0.0,35.0,4.0,681.0,6.0,4.0,4.0,12.0,6.0,6.0,767.0,1.0,0.0,2.0,0.0,57.0,7.0,0.0,0.0,0.0,0.0,108.0,0.0,2.0,61.0,0.0,0.0,13.0,0.0,2.0,4.0,4.0,4.0,605.0,113.0,0.0,8.0,70.0,34.0,1.0,15.0,375.0,0.0,0.0,0.0,5.0,285.0,0.0,3.0,8.0,0.0,11.0,4.0,12.0,11.0,145.0,9.0,13.0,0.0,395.0,106.0,18.0,36.0,0.0,41.0,4.0,53.0,42.0,0.0,2.0,44.0,8.0,1.0,0.0,75.0,3.0,2.0,0.0,18.0,82.0,21.0,21.0,21.0,11.0,12.0,78.0,1.0,19.0,110.0,284.0,0.0,37.0,78.0,5.0,85.0,16.0,66.0,195.0,31.0,3.0,4.0,24.0,11.0,2.0,15.0,30.0,8.0,35.0,35.0,0.0,33.0,36.0,6.0,9.0,20.0,27.0,0.0,0.0,57.0,11.0,112.0,0.0,5.0,83.0,30.0,4.0,183.0,0.0,57.0,49.0,3.0,39.0,22.0,0.0,38.0,2.0,6.0,50.0,35.0,3.0,10.0,4.0,2.0,398.0,3.0,39.0,0.0,11.0,8.0,1333.0,67.0,0.0,2.0,0.0,47.0,8.0,2.0,1.0,11.0,28.0,577.0,0.0,4.0,6.0,2.0,2.0,60.0,2020-05-01
2020-06-01,41.0,4.0,73.0,10.0,4.0,130.0,2.0,811.0,14.0,261.0,0.0,30.0,8.0,5.0,0.0,0.0,0.0,6.0,8.0,16.0,1.0,46.0,4.0,28.0,3.0,2.0,18.0,36.0,0.0,72.0,0.0,13.0,53.0,5.0,13.0,3.0,36.0,2007.0,6.0,18.0,197.0,7.0,0.0,6.0,1.0,5.0,18.0,6.0,33.0,14.0,65.0,12.0,1.0,21.0,42.0,7.0,432.0,5.0,4.0,5.0,396.0,20.0,0.0,3.0,20.0,2.0,13.0,80.0,3.0,22.0,3.0,4.0,2.0,50.0,12.0,20.0,5.0,0.0,484.0,0.0,0.0,0.0,0.0,1.0,167.0,0.0,126.0,0.0,19.0,29.0,6.0,1.0,43.0,10.0,5.0,6.0,6.0,20.0,2383.0,0.0,18.0,17.0,21.0,0.0,0.0,0.0,19.0,383.0,0.0,19.0,6.0,17.0,53.0,50.0,26.0,15.0,39.0,0.0,0.0,1.0,0.0,23.0,3.0,661.0,7.0,4.0,4.0,12.0,6.0,5.0,660.0,1.0,0.0,2.0,0.0,40.0,6.0,0.0,0.0,0.0,0.0,87.0,0.0,2.0,54.0,0.0,0.0,19.0,0.0,2.0,3.0,4.0,4.0,595.0,83.0,0.0,5.0,46.0,30.0,1.0,6.0,290.0,0.0,0.0,0.0,5.0,263.0,0.0,3.0,6.0,0.0,9.0,4.0,6.0,20.0,128.0,6.0,13.0,0.0,360.0,104.0,16.0,31.0,0.0,86.0,4.0,35.0,62.0,0.0,2.0,36.0,7.0,1.0,0.0,146.0,3.0,3.0,0.0,15.0,74.0,15.0,16.0,12.0,10.0,19.0,74.0,1.0,11.0,107.0,256.0,0.0,34.0,70.0,4.0,84.0,34.0,68.0,215.0,27.0,3.0,4.0,19.0,8.0,1.0,11.0,20.0,8.0,48.0,19.0,0.0,30.0,29.0,5.0,5.0,20.0,23.0,0.0,0.0,46.0,12.0,112.0,0.0,5.0,74.0,27.0,3.0,90.0,0.0,59.0,52.0,2.0,30.0,61.0,393.0,38.0,2.0,6.0,55.0,29.0,2.0,16.0,3.0,2.0,382.0,3.0,34.0,0.0,7.0,7.0,1333.0,65.0,0.0,2.0,0.0,44.0,8.0,2.0,0.0,6.0,24.0,490.0,0.0,2.0,4.0,1.0,1.0,61.0,2020-06-01
2020-07-01,85.0,6.0,67.0,16.0,11.0,121.0,2.0,875.0,15.0,285.0,0.0,32.0,8.0,14.0,0.0,0.0,0.0,7.0,7.0,15.0,1.0,46.0,4.0,27.0,3.0,2.0,11.0,36.0,0.0,77.0,0.0,15.0,51.0,4.0,15.0,3.0,16.0,2412.0,7.0,17.0,163.0,10.0,0.0,11.0,1.0,6.0,19.0,6.0,36.0,17.0,78.0,10.0,2.0,20.0,52.0,6.0,497.0,41.0,2.0,5.0,481.0,24.0,1.0,4.0,66.0,3.0,17.0,82.0,3.0,24.0,4.0,4.0,3.0,52.0,14.0,18.0,5.0,0.0,416.0,0.0,0.0,0.0,0.0,1.0,124.0,0.0,140.0,16.0,23.0,44.0,18.0,1.0,27.0,11.0,4.0,6.0,7.0,22.0,2167.0,0.0,24.0,15.0,28.0,0.0,7.0,302.0,17.0,376.0,44.0,20.0,9.0,23.0,114.0,52.0,27.0,13.0,59.0,158.0,0.0,1.0,0.0,30.0,3.0,729.0,13.0,4.0,4.0,13.0,7.0,5.0,729.0,1.0,0.0,2.0,0.0,39.0,7.0,0.0,0.0,0.0,0.0,81.0,0.0,1.0,58.0,0.0,0.0,15.0,0.0,2.0,6.0,4.0,5.0,729.0,21.0,0.0,11.0,98.0,25.0,2.0,5.0,304.0,0.0,0.0,0.0,4.0,311.0,0.0,3.0,7.0,0.0,9.0,4.0,7.0,29.0,130.0,6.0,15.0,0.0,405.0,154.0,15.0,40.0,0.0,73.0,3.0,28.0,20.0,0.0,3.0,35.0,12.0,2.0,0.0,109.0,4.0,3.0,0.0,17.0,83.0,14.0,17.0,8.0,9.0,17.0,76.0,1.0,13.0,121.0,287.0,142.0,35.0,86.0,6.0,106.0,33.0,74.0,159.0,34.0,2.0,4.0,13.0,10.0,2.0,6.0,21.0,10.0,35.0,17.0,0.0,31.0,36.0,7.0,4.0,21.0,25.0,0.0,0.0,45.0,12.0,115.0,0.0,5.0,60.0,31.0,7.0,44.0,0.0,62.0,51.0,3.0,37.0,14.0,148.0,41.0,2.0,5.0,55.0,31.0,3.0,23.0,7.0,3.0,406.0,3.0,40.0,0.0,6.0,10.0,1286.0,71.0,0.0,2.0,0.0,45.0,10.0,8.0,0.0,6.0,24.0,530.0,0.0,2.0,4.0,1.0,1.0,66.0,2020-07-01
2020-08-01,62.0,4.0,57.0,12.0,206.0,83.0,3.0,882.0,16.0,280.0,0.0,22.0,5.0,7.0,0.0,0.0,0.0,6.0,8.0,14.0,0.0,43.0,3.0,24.0,2.0,2.0,9.0,32.0,0.0,81.0,1.0,13.0,45.0,4.0,17.0,3.0,14.0,2411.0,5.0,13.0,152.0,7.0,0.0,14.0,1.0,6.0,18.0,4.0,31.0,14.0,60.0,10.0,1.0,17.0,57.0,4.0,494.0,19.0,1.0,5.0,414.0,13.0,0.0,3.0,25.0,3.0,14.0,76.0,2.0,22.0,6.0,4.0,3.0,58.0,13.0,13.0,8.0,0.0,351.0,0.0,0.0,0.0,0.0,0.0,87.0,0.0,190.0,1114.0,23.0,32.0,9.0,0.0,21.0,9.0,6.0,5.0,7.0,26.0,1893.0,0.0,22.0,11.0,25.0,0.0,0.0,123.0,14.0,342.0,85.0,30.0,4.0,20.0,85.0,55.0,26.0,65.0,48.0,104.0,0.0,2.0,0.0,71.0,2.0,717.0,7.0,3.0,4.0,12.0,8.0,5.0,716.0,1.0,0.0,1.0,0.0,32.0,5.0,0.0,0.0,0.0,0.0,46.0,57.0,1.0,53.0,0.0,30.0,12.0,0.0,2.0,4.0,2.0,4.0,645.0,7.0,0.0,6.0,68.0,20.0,1.0,5.0,260.0,0.0,0.0,0.0,2.0,257.0,6.0,3.0,7.0,70.0,9.0,3.0,9.0,19.0,119.0,5.0,12.0,0.0,366.0,152.0,13.0,35.0,0.0,39.0,2.0,21.0,26.0,0.0,2.0,34.0,15.0,2.0,0.0,85.0,4.0,4.0,0.0,13.0,83.0,70.0,16.0,6.0,7.0,12.0,78.0,1.0,77.0,107.0,269.0,228.0,36.0,74.0,7.0,100.0,22.0,76.0,143.0,24.0,1.0,4.0,10.0,9.0,2.0,0.0,24.0,8.0,22.0,11.0,0.0,30.0,33.0,6.0,4.0,24.0,26.0,0.0,0.0,38.0,11.0,106.0,0.0,4.0,50.0,33.0,6.0,34.0,0.0,59.0,51.0,3.0,23.0,6.0,42.0,36.0,2.0,5.0,50.0,27.0,3.0,15.0,3.0,2.0,364.0,4.0,29.0,2.0,4.0,8.0,1039.0,74.0,0.0,2.0,0.0,73.0,8.0,4.0,0.0,8.0,23.0,534.0,0.0,2.0,4.0,1.0,2.0,68.0,2020-08-01
2020-09-01,65.0,5.0,58.0,13.0,1194.0,70.0,2.0,828.0,16.0,303.0,0.0,21.0,4.0,6.0,0.0,0.0,0.0,6.0,8.0,16.0,0.0,52.0,3.0,26.0,3.0,2.0,10.0,45.0,17.0,96.0,46.0,13.0,50.0,4.0,17.0,2.0,17.0,2488.0,5.0,36.0,153.0,8.0,0.0,10.0,1.0,6.0,15.0,3.0,30.0,12.0,56.0,11.0,0.0,19.0,110.0,5.0,528.0,12.0,2.0,6.0,363.0,13.0,0.0,5.0,18.0,3.0,16.0,79.0,2.0,27.0,6.0,2.0,4.0,59.0,11.0,14.0,8.0,0.0,333.0,0.0,0.0,0.0,0.0,0.0,58.0,2.0,164.0,453.0,24.0,32.0,6.0,1.0,18.0,10.0,6.0,7.0,7.0,18.0,1597.0,0.0,21.0,11.0,23.0,0.0,112.0,44.0,16.0,299.0,21.0,28.0,60.0,19.0,68.0,51.0,30.0,31.0,47.0,30.0,0.0,1.0,0.0,61.0,2.0,751.0,6.0,3.0,4.0,11.0,8.0,5.0,751.0,1.0,0.0,2.0,0.0,24.0,8.0,0.0,0.0,0.0,0.0,6.0,133.0,1.0,56.0,0.0,172.0,12.0,0.0,2.0,5.0,3.0,4.0,585.0,8.0,0.0,6.0,72.0,20.0,1.0,5.0,270.0,0.0,0.0,0.0,1.0,42.0,400.0,3.0,7.0,17.0,11.0,3.0,5.0,28.0,120.0,5.0,11.0,0.0,356.0,164.0,11.0,29.0,0.0,89.0,6.0,14.0,19.0,77.0,1.0,33.0,15.0,1.0,0.0,73.0,3.0,3.0,0.0,11.0,69.0,30.0,11.0,5.0,9.0,34.0,83.0,1.0,43.0,89.0,340.0,96.0,36.0,67.0,8.0,95.0,16.0,76.0,155.0,20.0,2.0,3.0,9.0,9.0,2.0,187.0,18.0,8.0,21.0,10.0,0.0,27.0,36.0,5.0,4.0,27.0,23.0,67.0,0.0,33.0,11.0,96.0,0.0,4.0,108.0,33.0,5.0,30.0,0.0,52.0,51.0,3.0,24.0,5.0,28.0,41.0,2.0,10.0,51.0,32.0,2.0,12.0,4.0,3.0,381.0,11.0,42.0,69.0,4.0,10.0,781.0,66.0,0.0,3.0,0.0,64.0,9.0,8.0,0.0,10.0,24.0,483.0,0.0,3.0,3.0,1.0,2.0,66.0,2020-09-01
2020-10-01,55.0,3.0,57.0,15.0,946.0,78.0,2.0,928.0,15.0,314.0,0.0,25.0,5.0,6.0,70.0,0.0,0.0,6.0,8.0,15.0,0.0,44.0,3.0,27.0,2.0,1.0,9.0,28.0,136.0,82.0,251.0,13.0,64.0,4.0,18.0,2.0,13.0,2572.0,3.0,18.0,156.0,1.0,0.0,6.0,1.0,7.0,35.0,4.0,25.0,1.0,48.0,9.0,0.0,11.0,78.0,7.0,484.0,7.0,1.0,5.0,350.0,8.0,0.0,5.0,17.0,1.0,16.0,78.0,2.0,24.0,5.0,0.0,0.0,63.0,14.0,15.0,5.0,0.0,363.0,0.0,0.0,0.0,0.0,0.0,12.0,251.0,128.0,185.0,26.0,32.0,5.0,0.0,12.0,3.0,3.0,6.0,4.0,18.0,1447.0,0.0,22.0,17.0,19.0,0.0,720.0,70.0,13.0,282.0,9.0,21.0,89.0,21.0,41.0,54.0,26.0,15.0,40.0,16.0,0.0,1.0,0.0,59.0,1.0,787.0,9.0,3.0,3.0,12.0,5.0,5.0,760.0,2.0,0.0,10.0,0.0,21.0,6.0,0.0,0.0,0.0,0.0,6.0,156.0,2.0,50.0,0.0,19.0,10.0,0.0,1.0,4.0,2.0,5.0,707.0,6.0,0.0,10.0,99.0,23.0,2.0,5.0,335.0,0.0,0.0,0.0,1.0,28.0,271.0,4.0,6.0,0.0,11.0,2.0,8.0,31.0,133.0,3.0,24.0,1.0,380.0,156.0,10.0,28.0,0.0,70.0,15.0,0.0,13.0,1099.0,1.0,32.0,14.0,2.0,0.0,143.0,1.0,4.0,0.0,10.0,72.0,11.0,35.0,1.0,17.0,43.0,77.0,1.0,19.0,90.0,509.0,262.0,41.0,67.0,7.0,90.0,15.0,79.0,118.0,16.0,1.0,2.0,9.0,8.0,1.0,44.0,18.0,5.0,15.0,9.0,0.0,25.0,31.0,7.0,4.0,22.0,20.0,4.0,0.0,27.0,8.0,112.0,0.0,2.0,96.0,30.0,4.0,32.0,0.0,50.0,45.0,7.0,21.0,8.0,21.0,31.0,1.0,10.0,43.0,26.0,3.0,11.0,4.0,2.0,332.0,6.0,38.0,8.0,3.0,9.0,690.0,64.0,0.0,17.0,0.0,42.0,8.0,7.0,0.0,9.0,23.0,463.0,0.0,5.0,0.0,1.0,3.0,61.0,2020-10-01
2020-11-01,67.0,9.0,73.0,18.0,557.0,72.0,3.0,1278.0,15.0,307.0,296.0,24.0,6.0,7.0,11.0,0.0,0.0,7.0,7.0,19.0,0.0,37.0,2.0,27.0,2.0,1.0,10.0,27.0,689.0,52.0,1443.0,11.0,41.0,3.0,19.0,1.0,9.0,1475.0,7.0,13.0,167.0,0.0,0.0,8.0,3.0,6.0,21.0,8.0,33.0,2.0,59.0,10.0,0.0,10.0,72.0,8.0,502.0,8.0,78.0,4.0,680.0,11.0,0.0,7.0,41.0,2.0,14.0,79.0,2.0,22.0,4.0,0.0,0.0,65.0,11.0,23.0,5.0,0.0,344.0,0.0,0.0,0.0,0.0,0.0,5.0,216.0,111.0,88.0,27.0,31.0,6.0,1.0,13.0,1.0,0.0,6.0,5.0,16.0,1482.0,0.0,22.0,13.0,22.0,0.0,292.0,42.0,16.0,299.0,11.0,20.0,75.0,17.0,60.0,59.0,23.0,14.0,43.0,8.0,0.0,1.0,0.0,66.0,3.0,802.0,6.0,3.0,3.0,14.0,5.0,5.0,757.0,2.0,0.0,3.0,0.0,21.0,5.0,0.0,0.0,0.0,0.0,8.0,96.0,1.0,47.0,0.0,10.0,24.0,86.0,3.0,4.0,3.0,15.0,869.0,6.0,0.0,4.0,52.0,31.0,2.0,4.0,364.0,0.0,0.0,0.0,1.0,31.0,240.0,5.0,6.0,0.0,9.0,4.0,7.0,20.0,139.0,4.0,12.0,0.0,337.0,165.0,10.0,28.0,0.0,38.0,16.0,0.0,11.0,568.0,4.0,34.0,16.0,2.0,0.0,142.0,1.0,2.0,0.0,8.0,73.0,9.0,21.0,0.0,10.0,19.0,77.0,1.0,18.0,92.0,489.0,164.0,39.0,83.0,8.0,94.0,17.0,73.0,132.0,25.0,2.0,2.0,10.0,9.0,2.0,14.0,18.0,7.0,19.0,24.0,0.0,25.0,48.0,5.0,6.0,21.0,25.0,0.0,0.0,28.0,9.0,94.0,0.0,3.0,77.0,41.0,4.0,37.0,0.0,44.0,49.0,3.0,30.0,10.0,18.0,36.0,2.0,11.0,59.0,26.0,4.0,14.0,4.0,2.0,268.0,5.0,25.0,5.0,4.0,10.0,689.0,70.0,0.0,6.0,0.0,37.0,11.0,4.0,0.0,7.0,26.0,666.0,0.0,6.0,0.0,1.0,2.0,64.0,2020-11-01
2020-12-01,62.0,7.0,86.0,22.0,370.0,80.0,2.0,1102.0,13.0,305.0,120.0,15.0,6.0,6.0,6.0,0.0,0.0,7.0,9.0,18.0,1.0,43.0,2.0,29.0,2.0,2.0,11.0,23.0,1273.0,38.0,932.0,8.0,24.0,3.0,21.0,0.0,5.0,1119.0,9.0,13.0,179.0,0.0,0.0,10.0,893.0,8.0,27.0,7.0,33.0,2.0,63.0,10.0,0.0,14.0,91.0,6.0,536.0,10.0,40.0,4.0,393.0,10.0,1.0,14.0,30.0,2.0,11.0,82.0,1.0,24.0,5.0,0.0,0.0,55.0,10.0,22.0,5.0,0.0,528.0,0.0,0.0,0.0,0.0,0.0,3.0,175.0,207.0,103.0,24.0,34.0,6.0,1.0,18.0,1.0,0.0,5.0,6.0,21.0,1856.0,0.0,23.0,8.0,24.0,0.0,251.0,29.0,19.0,387.0,7.0,19.0,73.0,18.0,61.0,52.0,23.0,13.0,55.0,7.0,0.0,1.0,0.0,67.0,3.0,863.0,7.0,3.0,3.0,15.0,6.0,5.0,713.0,1.0,0.0,1.0,0.0,17.0,5.0,0.0,0.0,0.0,0.0,8.0,104.0,0.0,44.0,0.0,13.0,14.0,30.0,3.0,3.0,2.0,7.0,1074.0,7.0,0.0,5.0,50.0,26.0,2.0,5.0,379.0,0.0,0.0,0.0,1.0,35.0,226.0,6.0,6.0,0.0,9.0,4.0,9.0,16.0,108.0,6.0,9.0,0.0,355.0,163.0,11.0,29.0,0.0,32.0,18.0,0.0,14.0,335.0,3.0,32.0,16.0,2.0,0.0,107.0,1.0,2.0,0.0,10.0,84.0,6.0,18.0,0.0,8.0,14.0,82.0,1.0,16.0,103.0,544.0,106.0,37.0,97.0,8.0,93.0,20.0,72.0,146.0,20.0,2.0,3.0,10.0,12.0,2.0,23.0,18.0,8.0,30.0,29.0,0.0,24.0,94.0,7.0,5.0,20.0,24.0,0.0,0.0,29.0,11.0,116.0,0.0,3.0,68.0,34.0,6.0,38.0,0.0,46.0,55.0,2.0,44.0,11.0,22.0,36.0,3.0,6.0,58.0,24.0,4.0,13.0,3.0,2.0,322.0,4.0,25.0,4.0,4.0,10.0,764.0,74.0,0.0,2.0,0.0,36.0,10.0,2.0,3.0,6.0,33.0,927.0,0.0,6.0,0.0,1.0,2.0,68.0,2020-12-01
2021-01-01,79.0,8.0,115.0,21.0,269.0,82.0,3.0,1235.0,17.0,365.0,77.0,15.0,4.0,7.0,5.0,0.0,1.0,8.0,11.0,23.0,1.0,50.0,2.0,33.0,3.0,3.0,14.0,26.0,1551.0,44.0,718.0,13.0,28.0,4.0,25.0,1.0,6.0,1514.0,12.0,18.0,215.0,0.0,0.0,13.0,129.0,8.0,23.0,8.0,38.0,2.0,74.0,13.0,0.0,12.0,97.0,7.0,612.0,11.0,26.0,5.0,315.0,11.0,0.0,9.0,24.0,2.0,13.0,92.0,1.0,36.0,6.0,0.0,0.0,71.0,14.0,22.0,6.0,0.0,811.0,0.0,0.0,0.0,0.0,0.0,3.0,260.0,195.0,95.0,26.0,31.0,10.0,1.0,23.0,1.0,0.0,8.0,7.0,21.0,1929.0,0.0,28.0,11.0,26.0,1.0,236.0,32.0,19.0,450.0,11.0,22.0,89.0,20.0,73.0,55.0,27.0,18.0,60.0,6.0,0.0,4.0,0.0,82.0,13.0,953.0,6.0,4.0,5.0,19.0,6.0,6.0,944.0,1.0,0.0,3.0,0.0,17.0,6.0,0.0,0.0,0.0,0.0,7.0,123.0,1.0,56.0,0.0,8.0,10.0,17.0,4.0,4.0,3.0,6.0,1490.0,7.0,14.0,6.0,69.0,26.0,1.0,6.0,440.0,0.0,0.0,0.0,0.0,39.0,266.0,8.0,7.0,0.0,14.0,4.0,8.0,19.0,121.0,8.0,15.0,0.0,435.0,174.0,12.0,36.0,0.0,119.0,25.0,0.0,12.0,324.0,3.0,40.0,18.0,3.0,0.0,123.0,2.0,2.0,0.0,13.0,95.0,9.0,28.0,0.0,14.0,35.0,92.0,2.0,25.0,124.0,622.0,111.0,41.0,443.0,12.0,123.0,23.0,80.0,210.0,25.0,2.0,17.0,13.0,14.0,2.0,29.0,29.0,6.0,111.0,32.0,0.0,26.0,205.0,9.0,6.0,22.0,37.0,0.0,0.0,34.0,14.0,119.0,0.0,4.0,89.0,34.0,7.0,47.0,0.0,56.0,71.0,3.0,86.0,13.0,24.0,51.0,3.0,7.0,76.0,27.0,3.0,16.0,8.0,4.0,401.0,5.0,39.0,4.0,4.0,15.0,1120.0,80.0,0.0,2.0,0.0,40.0,14.0,1.0,0.0,9.0,33.0,743.0,0.0,7.0,0.0,1.0,2.0,79.0,2021-01-01
2021-02-01,62.0,8.0,104.0,18.0,174.0,84.0,3.0,1815.0,18.0,386.0,52.0,15.0,4.0,5.0,5.0,0.0,0.0,9.0,13.0,24.0,0.0,43.0,2.0,32.0,2.0,3.0,17.0,28.0,1669.0,47.0,736.0,11.0,27.0,4.0,24.0,2.0,6.0,1650.0,10.0,16.0,209.0,0.0,0.0,12.0,43.0,7.0,20.0,7.0,38.0,2.0,72.0,11.0,1.0,13.0,88.0,7.0,621.0,6.0,17.0,4.0,393.0,13.0,0.0,6.0,24.0,2.0,12.0,84.0,1.0,27.0,6.0,0.0,0.0,75.0,15.0,22.0,6.0,0.0,630.0,0.0,0.0,0.0,0.0,0.0,2.0,226.0,205.0,84.0,26.0,29.0,8.0,1.0,17.0,1.0,0.0,7.0,8.0,24.0,1872.0,0.0,29.0,11.0,24.0,1.0,259.0,24.0,22.0,573.0,11.0,22.0,58.0,21.0,73.0,53.0,27.0,16.0,61.0,7.0,0.0,3.0,0.0,72.0,6.0,1038.0,5.0,4.0,6.0,21.0,7.0,6.0,864.0,1.0,111.0,2.0,0.0,22.0,5.0,0.0,0.0,0.0,0.0,6.0,127.0,1.0,63.0,0.0,8.0,7.0,10.0,4.0,4.0,3.0,5.0,1619.0,7.0,0.0,5.0,61.0,26.0,2.0,5.0,488.0,0.0,0.0,0.0,0.0,47.0,270.0,8.0,7.0,0.0,11.0,6.0,24.0,18.0,122.0,10.0,17.0,0.0,438.0,167.0,13.0,37.0,0.0,94.0,28.0,0.0,13.0,235.0,3.0,39.0,21.0,3.0,0.0,122.0,2.0,2.0,0.0,12.0,89.0,6.0,32.0,0.0,17.0,46.0,98.0,2.0,19.0,128.0,593.0,126.0,42.0,223.0,10.0,135.0,16.0,85.0,216.0,26.0,2.0,9.0,13.0,13.0,2.0,17.0,27.0,1.0,61.0,24.0,0.0,26.0,174.0,7.0,7.0,31.0,31.0,0.0,0.0,33.0,14.0,117.0,0.0,3.0,80.0,34.0,6.0,59.0,0.0,63.0,71.0,3.0,60.0,15.0,23.0,54.0,4.0,5.0,75.0,25.0,3.0,15.0,7.0,3.0,394.0,6.0,47.0,4.0,5.0,15.0,1258.0,76.0,775.0,2.0,0.0,47.0,11.0,1.0,0.0,9.0,32.0,624.0,0.0,11.0,0.0,3.0,3.0,89.0,2021-02-01
2021-03-01,49.0,10.0,81.0,16.0,133.0,101.0,1.0,1691.0,18.0,395.0,40.0,12.0,4.0,2.0,10.0,0.0,0.0,8.0,12.0,24.0,0.0,66.0,3.0,34.0,2.0,3.0,16.0,29.0,1535.0,43.0,575.0,9.0,25.0,3.0,25.0,2.0,7.0,1654.0,9.0,16.0,199.0,0.0,0.0,12.0,27.0,7.0,38.0,6.0,41.0,2.0,67.0,13.0,0.0,10.0,79.0,8.0,666.0,6.0,20.0,5.0,352.0,13.0,0.0,6.0,24.0,3.0,13.0,87.0,1.0,33.0,8.0,0.0,2.0,78.0,19.0,25.0,7.0,0.0,523.0,0.0,0.0,0.0,0.0,0.0,2.0,193.0,190.0,105.0,30.0,24.0,9.0,2.0,53.0,1.0,0.0,8.0,7.0,27.0,1830.0,0.0,29.0,12.0,26.0,0.0,231.0,22.0,19.0,656.0,9.0,23.0,47.0,22.0,74.0,56.0,29.0,16.0,81.0,9.0,0.0,3.0,0.0,65.0,4.0,1051.0,6.0,6.0,5.0,23.0,5.0,6.0,805.0,1.0,59.0,3.0,0.0,22.0,5.0,0.0,0.0,0.0,0.0,2.0,103.0,1.0,56.0,0.0,17.0,8.0,11.0,4.0,4.0,4.0,6.0,1411.0,9.0,133.0,5.0,56.0,24.0,2.0,7.0,493.0,0.0,0.0,0.0,0.0,36.0,282.0,7.0,6.0,0.0,14.0,4.0,7.0,17.0,121.0,8.0,15.0,0.0,417.0,156.0,12.0,36.0,0.0,48.0,12.0,16.0,11.0,225.0,2.0,40.0,20.0,3.0,0.0,127.0,3.0,5.0,0.0,10.0,77.0,38.0,27.0,6.0,14.0,31.0,95.0,2.0,34.0,124.0,542.0,102.0,40.0,129.0,11.0,122.0,27.0,87.0,184.0,25.0,2.0,5.0,12.0,11.0,2.0,12.0,28.0,1.0,35.0,20.0,0.0,25.0,161.0,7.0,7.0,31.0,42.0,0.0,0.0,33.0,15.0,134.0,0.0,3.0,70.0,38.0,6.0,48.0,0.0,62.0,66.0,3.0,43.0,15.0,23.0,59.0,4.0,9.0,69.0,23.0,4.0,17.0,5.0,4.0,382.0,5.0,35.0,4.0,4.0,22.0,1373.0,79.0,480.0,2.0,0.0,48.0,13.0,1.0,0.0,9.0,30.0,579.0,0.0,11.0,0.0,5.0,10.0,90.0,2021-03-01
